city,date,hightest_tem,lowest_tem
成都,2011-01-01,4,-2
成都,2011-01-02,3,-2
成都,2011-01-03,3,0
成都,2011-01-04,3,-3
成都,2011-01-05,3,-5
成都,2011-01-06,2,-3
成都,2011-01-07,8,2
成都,2011-01-08,5,0
成都,2011-01-09,5,1
成都,2011-01-10,5,-3
成都,2011-01-11,6,-2
成都,2011-01-12,6,3
成都,2011-01-13,7,3
成都,2011-01-14,8,2
成都,2011-01-15,5,0
成都,2011-01-16,4,-3
成都,2011-01-26,4,2
成都,2011-01-29,6,1
成都,2011-01-30,7,0
成都,2011-01-31,7,2
成都,2011-03-01,18,5
成都,2011-03-02,17,8
成都,2011-03-03,18,7
成都,2011-03-04,14,8
成都,2011-03-05,12,7
成都,2011-03-06,16,6
成都,2011-03-07,16,8
成都,2011-03-08,16,6
成都,2011-03-09,12,10
成都,2011-03-10,12,7
成都,2011-03-11,14,6
成都,2011-03-12,17,7
成都,2011-03-13,17,9
成都,2011-03-14,12,8
成都,2011-03-15,15,5
成都,2011-03-16,14,4
成都,2011-03-17,15,4
成都,2011-03-18,17,7
成都,2011-03-19,14,9
成都,2011-03-20,12,8
成都,2011-03-21,8,3
成都,2011-03-22,9,4
成都,2011-03-23,9,4
成都,2011-03-24,9,3
成都,2011-03-25,13,7
成都,2011-03-26,13,6
成都,2011-03-27,15,4
成都,2011-03-28,19,6
成都,2011-03-29,17,10
成都,2011-03-30,17,9
成都,2011-03-31,17,10
成都,2012-01-01,9,5
成都,2012-01-02,7,4
成都,2012-01-03,6,2
成都,2012-01-04,7,0
成都,2012-01-05,5,0
成都,2012-01-06,7,3
成都,2012-01-07,7,0
成都,2012-01-08,7,3
成都,2012-01-09,8,3
成都,2012-01-10,7,3
成都,2012-01-11,8,4
成都,2012-01-12,7,3
成都,2012-01-13,7,3
成都,2012-01-14,9,3
成都,2012-01-16,8,4
成都,2012-01-17,9,4
成都,2012-01-18,8,4
成都,2012-01-19,8,4
成都,2012-01-20,6,3
成都,2012-01-21,5,2
成都,2012-01-22,5,1
成都,2012-01-23,6,0
成都,2012-01-24,7,1
成都,2012-01-25,8,1
成都,2012-01-26,7,1
成都,2012-01-27,7,3
成都,2012-01-28,9,3
成都,2012-01-29,9,4
成都,2012-01-30,10,4
成都,2012-01-31,11,4
成都,2012-02-01,10,6
成都,2012-02-02,8,2
成都,2012-02-03,9,2
成都,2012-02-04,11,4
成都,2012-02-05,9,3
成都,2012-02-06,11,4
成都,2012-02-07,9,3
成都,2012-02-08,6,4
成都,2012-02-09,6,3
成都,2012-02-10,7,2
成都,2012-02-11,8,2
成都,2012-02-12,9,3
成都,2012-02-13,9,2
成都,2012-02-14,11,3
成都,2012-02-15,11,3
成都,2012-02-16,11,3
成都,2012-02-17,11,3
成都,2012-02-18,9,3
成都,2012-02-19,8,1
成都,2012-02-20,10,3
成都,2012-02-21,11,4
成都,2012-02-22,13,5
成都,2012-02-23,14,2
成都,2012-02-24,11,6
成都,2012-02-25,9,6
成都,2012-02-26,8,5
成都,2012-02-27,9,3
成都,2012-02-28,9,3
成都,2012-02-29,9,4
成都,2012-03-01,10,4
成都,2012-03-02,12,4
成都,2012-03-03,12,6
成都,2012-03-04,11,6
成都,2012-03-05,10,6
成都,2012-03-06,10,6
成都,2012-03-07,10,6
成都,2012-03-08,9,5
成都,2012-03-09,10,5
成都,2012-03-10,14,2
成都,2012-03-11,13,5
成都,2012-03-12,15,6
成都,2012-03-13,15,5
成都,2012-03-14,17,9
成都,2012-03-15,15,8
成都,2012-03-16,17,8
成都,2012-03-17,20,8
成都,2012-03-18,23,9
成都,2012-03-19,16,12
成都,2012-03-20,21,11
成都,2012-03-21,16,13
成都,2012-03-22,16,13
成都,2012-03-23,15,8
成都,2012-03-24,18,5
成都,2012-03-25,19,9
成都,2012-03-26,21,10
成都,2012-03-27,19,13
成都,2012-03-28,19,13
成都,2012-03-29,17,12
成都,2012-03-30,17,9
成都,2012-03-31,22,10
成都,2012-04-01,22,11
成都,2012-04-02,22,11
成都,2012-04-03,19,14
成都,2012-04-04,21,12
成都,2012-04-05,21,12
成都,2012-04-06,20,13
成都,2012-04-07,19,14
成都,2012-04-08,21,12
成都,2012-04-09,19,14
成都,2012-04-10,21,12
成都,2012-04-11,19,14
成都,2012-04-12,21,12
成都,2012-04-13,23,12
成都,2012-04-14,24,13
成都,2012-04-15,21,15
成都,2012-04-16,20,14
成都,2012-04-17,23,14
成都,2012-04-18,25,14
成都,2012-04-19,26,14
成都,2012-04-20,26,14
成都,2012-04-21,29,12
成都,2012-04-22,28,14
成都,2012-04-23,25,18
成都,2012-04-24,27,16
成都,2012-04-25,28,15
成都,2012-04-26,29,15
成都,2012-04-27,29,18
成都,2012-04-28,25,19
成都,2012-04-29,27,18
成都,2012-04-30,27,18
成都,2012-05-01,27,17
成都,2012-05-02,25,18
成都,2012-05-03,25,18
成都,2012-05-04,25,17
成都,2012-05-05,27,19
成都,2012-05-06,25,19
成都,2012-05-07,27,19
成都,2012-05-08,27,19
成都,2012-05-09,32,20
成都,2012-05-10,28,21
成都,2012-05-11,26,21
成都,2012-05-12,25,18
成都,2012-05-13,26,17
成都,2012-05-14,26,18
成都,2012-05-15,27,17
成都,2012-05-16,27,17
成都,2012-05-17,27,18
成都,2012-05-18,30,20
成都,2012-05-19,33,19
成都,2012-05-20,31,20
成都,2012-05-21,22,18
成都,2012-05-22,22,18
成都,2012-05-23,24,18
成都,2012-05-24,22,17
成都,2012-05-25,24,17
成都,2012-05-26,27,18
成都,2012-05-27,27,19
成都,2012-05-28,24,19
成都,2012-05-29,27,19
成都,2012-05-30,30,18
成都,2012-05-31,22,16
成都,2012-06-01,27,18
成都,2012-06-02,26,18
成都,2012-06-03,25,18
成都,2012-06-04,25,17
成都,2012-06-05,24,19
成都,2012-06-06,26,20
成都,2012-06-07,29,21
成都,2012-06-08,29,20
成都,2012-06-09,29,21
成都,2012-06-10,30,21
成都,2012-06-11,30,22
成都,2012-06-12,30,22
成都,2012-06-13,31,21
成都,2012-06-14,31,22
成都,2012-06-15,27,20
成都,2012-06-16,25,21
成都,2012-06-17,23,18
成都,2012-06-18,23,19
成都,2012-06-19,29,19
成都,2012-06-20,30,20
成都,2012-06-21,25,21
成都,2012-06-22,29,21
成都,2012-06-23,31,20
成都,2012-06-24,27,21
成都,2012-06-25,24,21
成都,2012-06-26,26,20
成都,2012-06-27,26,21
成都,2012-06-28,26,21
成都,2012-06-29,26,23
成都,2012-06-30,28,23
成都,2012-07-01,28,22
成都,2012-07-02,27,23
成都,2012-07-03,25,21
成都,2012-07-04,26,21
成都,2012-07-05,30,21
成都,2012-07-06,29,23
成都,2012-07-07,29,23
成都,2012-07-08,29,23
成都,2012-07-09,28,22
成都,2012-07-10,28,23
成都,2012-07-11,30,23
成都,2012-07-12,29,23
成都,2012-07-13,32,23
成都,2012-07-14,32,23
成都,2012-07-15,28,23
成都,2012-07-16,27,22
成都,2012-07-17,26,21
成都,2012-07-18,26,21
成都,2012-07-19,28,22
成都,2012-07-20,29,23
成都,2012-07-21,28,23
成都,2012-07-22,28,22
成都,2012-07-23,28,22
成都,2012-07-24,30,23
成都,2012-07-25,30,23
成都,2012-07-26,31,23
成都,2012-07-27,28,23
成都,2012-07-28,28,23
成都,2012-07-29,32,23
成都,2012-07-30,31,24
成都,2012-07-31,29,24
成都,2012-08-01,28,23
成都,2012-08-02,31,23
成都,2012-08-03,32,23
成都,2012-08-04,33,24
成都,2012-08-05,33,24
成都,2012-08-06,29,24
成都,2012-08-07,33,23
成都,2012-08-08,34,24
成都,2012-08-09,34,24
成都,2012-08-10,35,25
成都,2012-08-11,34,24
成都,2012-08-12,35,25
成都,2012-08-13,35,25
成都,2012-08-14,32,25
成都,2012-08-15,31,24
成都,2012-08-16,35,24
成都,2012-08-17,33,24
成都,2012-08-18,30,25
成都,2012-08-19,31,25
成都,2012-08-20,27,22
成都,2012-08-21,31,22
成都,2012-08-22,30,22
成都,2012-08-23,29,20
成都,2012-08-24,29,21
成都,2012-08-25,29,23
成都,2012-08-26,32,22
成都,2012-08-27,30,22
成都,2012-08-28,31,22
成都,2012-08-29,31,22
成都,2012-08-30,29,22
成都,2012-08-31,25,21
成都,2012-09-01,24,20
成都,2012-09-02,28,21
成都,2012-09-03,29,20
成都,2012-09-04,30,21
成都,2012-09-05,31,20
成都,2012-09-06,30,21
成都,2012-09-07,29,21
成都,2012-09-08,29,21
成都,2012-09-09,30,21
成都,2012-09-10,27,20
成都,2012-09-11,26,21
成都,2012-09-12,28,19
成都,2012-09-13,27,19
成都,2012-09-14,26,18
成都,2012-09-15,26,18
成都,2012-09-16,18,16
成都,2012-09-17,25,14
成都,2012-09-18,25,15
成都,2012-09-19,24,17
成都,2012-09-20,21,16
成都,2012-09-21,23,17
成都,2012-09-22,26,19
成都,2012-09-23,24,17
成都,2012-09-24,23,19
成都,2012-09-25,22,18
成都,2012-09-26,24,18
成都,2012-09-27,27,17
成都,2012-09-28,26,19
成都,2012-09-29,25,18
成都,2012-09-30,22,18
成都,2012-10-01,24,17
成都,2012-10-02,20,17
成都,2012-10-03,23,17
成都,2012-10-04,22,17
成都,2012-10-05,21,16
成都,2012-10-06,22,16
成都,2012-10-07,21,17
成都,2012-10-08,20,16
成都,2012-10-09,23,14
成都,2012-10-10,21,15
成都,2012-10-11,19,15
成都,2012-10-12,19,15
成都,2012-10-13,20,15
成都,2012-10-14,22,15
成都,2012-10-15,21,15
成都,2012-10-16,23,16
成都,2012-10-17,22,13
成都,2012-10-18,20,15
成都,2012-10-19,22,15
成都,2012-10-20,23,15
成都,2012-10-21,21,16
成都,2012-10-22,18,16
成都,2012-10-23,18,14
成都,2012-10-24,19,13
成都,2012-10-25,19,13
成都,2012-10-26,22,13
成都,2012-10-27,22,14
成都,2012-10-28,23,14
成都,2012-10-29,21,15
成都,2012-10-30,23,14
成都,2012-10-31,23,13
成都,2012-11-01,22,11
成都,2012-11-02,22,12
成都,2012-11-03,16,11
成都,2012-11-04,17,6
成都,2012-11-05,17,8
成都,2012-11-06,14,10
成都,2012-11-07,14,10
成都,2012-11-08,14,9
成都,2012-11-09,17,10
成都,2012-11-10,17,11
成都,2012-11-11,15,10
成都,2012-11-12,14,9
成都,2012-11-13,17,10
成都,2012-11-14,16,9
成都,2012-11-15,16,10
成都,2012-11-16,18,10
成都,2012-11-17,17,7
成都,2012-11-18,18,7
成都,2012-11-19,18,10
成都,2012-11-20,17,10
成都,2012-11-21,17,10
成都,2012-11-22,13,9
成都,2012-11-23,11,5
成都,2012-11-24,11,5
成都,2012-11-25,11,7
成都,2012-11-26,12,6
成都,2012-11-27,13,5
成都,2012-11-28,13,5
成都,2012-11-29,13,5
成都,2012-11-30,10,6
成都,2012-12-01,12,5
成都,2012-12-02,14,5
成都,2012-12-03,11,3
成都,2012-12-04,12,5
成都,2012-12-05,13,4
成都,2012-12-06,15,3
成都,2012-12-07,12,6
成都,2012-12-08,12,8
成都,2012-12-09,12,8
成都,2012-12-10,12,6
成都,2012-12-11,12,6
成都,2012-12-12,11,7
成都,2012-12-13,12,7
成都,2012-12-14,12,6
成都,2012-12-15,13,5
成都,2012-12-16,13,6
成都,2012-12-17,12,7
成都,2012-12-18,12,5
成都,2012-12-19,9,6
成都,2012-12-20,8,4
成都,2012-12-21,9,3
成都,2012-12-22,8,3
成都,2012-12-23,10,0
成都,2012-12-24,10,0
成都,2012-12-25,9,4
成都,2012-12-26,8,5
成都,2012-12-27,8,1
成都,2012-12-28,7,2
成都,2012-12-29,7,2
成都,2012-12-30,5,-1
成都,2012-12-31,8,0
成都,2013-01-01,8,-2
成都,2013-01-02,7,1
成都,2013-01-03,4,-1
成都,2013-01-04,4,-1
成都,2013-01-05,5,0
成都,2013-01-06,5,0
成都,2013-01-07,7,-2
成都,2013-01-08,8,0
成都,2013-01-09,9,-1
成都,2013-01-10,8,1
成都,2013-01-11,9,3
成都,2013-01-12,10,-2
成都,2013-01-13,11,0
成都,2013-01-14,9,3
成都,2013-01-15,9,1
成都,2013-01-16,11,3
成都,2013-01-17,12,3
成都,2013-01-18,11,3
成都,2013-01-19,9,5
成都,2013-01-20,10,6
成都,2013-01-21,11,5
成都,2013-01-22,12,2
成都,2013-01-23,14,2
成都,2013-01-24,14,3
成都,2013-01-25,16,2
成都,2013-01-26,15,3
成都,2013-01-27,16,3
成都,2013-01-28,15,5
成都,2013-01-29,15,6
成都,2013-01-30,16,6
成都,2013-01-31,17,5
成都,2013-02-01,16,5
成都,2013-02-02,15,7
成都,2013-02-03,16,7
成都,2013-02-04,18,8
成都,2013-02-05,18,6
成都,2013-02-06,16,8
成都,2013-02-07,13,6
成都,2013-02-08,9,3
成都,2013-02-09,11,2
成都,2013-02-10,11,2
成都,2013-02-11,11,5
成都,2013-02-12,10,6
成都,2013-02-13,11,4
成都,2013-02-14,11,5
成都,2013-02-15,14,3
成都,2013-02-16,15,4
成都,2013-02-17,14,7
成都,2013-02-18,13,7
成都,2013-02-19,12,3
成都,2013-02-20,11,5
成都,2013-02-21,12,6
成都,2013-02-22,15,4
成都,2013-02-23,16,8
成都,2013-02-24,18,5
成都,2013-02-25,17,6
成都,2013-02-26,18,8
成都,2013-02-27,20,9
成都,2013-02-28,17,10
成都,2013-03-01,15,9
成都,2013-03-02,17,6
成都,2013-03-03,17,6
成都,2013-03-04,19,7
成都,2013-03-05,20,7
成都,2013-03-06,21,9
成都,2013-03-07,24,9
成都,2013-03-08,25,11
成都,2013-03-09,26,10
成都,2013-03-10,25,10
成都,2013-03-11,22,11
成都,2013-03-12,22,11
成都,2013-03-13,25,10
成都,2013-03-14,22,13
成都,2013-03-15,21,13
成都,2013-03-16,23,13
成都,2013-03-17,23,14
成都,2013-03-18,24,14
成都,2013-03-19,22,12
成都,2013-03-20,25,12
成都,2013-03-21,24,10
成都,2013-03-22,23,13
成都,2013-03-23,23,13
成都,2013-03-24,24,10
成都,2013-03-25,20,15
成都,2013-03-26,23,13
成都,2013-03-27,25,13
成都,2013-03-28,25,12
成都,2013-03-29,27,12
成都,2013-03-30,24,14
成都,2013-03-31,24,15
成都,2013-04-01,25,15
成都,2013-04-02,23,15
成都,2013-04-03,24,14
成都,2013-04-04,24,15
成都,2013-04-05,18,12
成都,2013-04-06,21,9
成都,2013-04-07,21,9
成都,2013-04-08,22,10
成都,2013-04-09,19,13
成都,2013-04-10,19,12
成都,2013-04-11,18,11
成都,2013-04-12,18,11
成都,2013-04-13,24,10
成都,2013-04-14,25,12
成都,2013-04-15,27,14
成都,2013-04-16,30,16
成都,2013-04-17,28,15
成都,2013-04-18,30,16
成都,2013-04-19,26,16
成都,2013-04-20,27,17
成都,2013-04-21,25,14
成都,2013-04-22,25,16
成都,2013-04-23,26,16
成都,2013-04-24,27,17
成都,2013-04-25,27,16
成都,2013-04-26,30,16
成都,2013-04-27,31,16
成都,2013-04-28,28,18
成都,2013-04-29,25,17
成都,2013-04-30,27,17
成都,2013-05-01,25,18
成都,2013-05-02,24,17
成都,2013-05-03,27,16
成都,2013-05-04,24,17
成都,2013-05-05,24,16
成都,2013-05-06,23,16
成都,2013-05-07,23,16
成都,2013-05-08,23,16
成都,2013-05-09,23,16
成都,2013-05-10,28,16
成都,2013-05-11,30,15
成都,2013-05-12,30,16
成都,2013-05-13,29,16
成都,2013-05-14,29,18
成都,2013-05-15,26,19
成都,2013-05-16,24,17
成都,2013-05-17,20,16
成都,2013-05-18,28,15
成都,2013-05-19,30,18
成都,2013-05-20,31,18
成都,2013-05-21,32,19
成都,2013-05-22,33,19
成都,2013-05-23,30,20
成都,2013-05-24,28,21
成都,2013-05-25,28,18
成都,2013-05-26,32,18
成都,2013-05-27,32,20
成都,2013-05-28,27,21
成都,2013-05-29,26,19
成都,2013-05-30,26,16
成都,2013-05-31,27,18
成都,2013-06-01,30,18
成都,2013-06-02,32,18
成都,2013-06-03,32,20
成都,2013-06-04,34,21
成都,2013-06-05,29,20
成都,2013-06-06,31,21
成都,2013-06-07,31,22
成都,2013-06-08,29,21
成都,2013-06-09,28,19
成都,2013-06-10,31,18
成都,2013-06-11,32,19
成都,2013-06-12,31,20
成都,2013-06-13,31,20
成都,2013-06-14,30,22
成都,2013-06-15,30,22
成都,2013-06-16,31,24
成都,2013-06-17,32,23
成都,2013-06-18,32,24
成都,2013-06-19,31,24
成都,2013-06-20,28,22
成都,2013-06-21,29,23
成都,2013-06-22,29,23
成都,2013-06-23,29,23
成都,2013-06-24,27,22
成都,2013-06-25,29,22
成都,2013-06-26,31,22
成都,2013-06-27,33,23
成都,2013-06-28,33,23
成都,2013-06-29,32,24
成都,2013-06-30,27,24
成都,2013-07-01,27,23
成都,2013-07-02,29,23
成都,2013-07-03,32,24
成都,2013-07-04,30,24
成都,2013-07-05,31,23
成都,2013-07-06,32,24
成都,2013-07-07,33,24
成都,2013-07-08,31,24
成都,2013-07-09,28,23
成都,2013-07-10,26,23
成都,2013-07-11,24,21
成都,2013-07-12,27,22
成都,2013-07-13,29,24
成都,2013-07-14,33,24
成都,2013-07-15,32,24
成都,2013-07-16,31,24
成都,2013-07-17,27,22
成都,2013-07-18,27,22
成都,2013-07-19,27,22
成都,2013-07-20,29,23
成都,2013-07-21,30,23
成都,2013-07-22,27,23
成都,2013-07-23,29,23
成都,2013-07-24,30,23
成都,2013-07-25,32,24
成都,2013-07-26,32,24
成都,2013-07-27,33,24
成都,2013-07-28,32,24
成都,2013-07-29,32,24
成都,2013-07-30,33,23
成都,2013-07-31,33,24
成都,2013-08-01,32,24
成都,2013-08-02,33,24
成都,2013-08-03,33,23
成都,2013-08-04,34,25
成都,2013-08-05,33,24
成都,2013-08-06,33,24
成都,2013-08-07,30,24
成都,2013-08-08,28,21
成都,2013-08-09,30,22
成都,2013-08-10,30,21
成都,2013-08-11,29,23
成都,2013-08-12,31,23
成都,2013-08-13,33,23
成都,2013-08-14,34,23
成都,2013-08-15,34,24
成都,2013-08-16,34,25
成都,2013-08-17,34,24
成都,2013-08-18,35,24
成都,2013-08-19,35,24
成都,2013-08-20,34,25
成都,2013-08-21,33,24
成都,2013-08-22,34,24
成都,2013-08-23,36,24
成都,2013-08-24,35,24
成都,2013-08-25,32,24
成都,2013-08-26,33,24
成都,2013-08-27,31,24
成都,2013-08-28,29,24
成都,2013-08-29,29,22
成都,2013-08-30,30,22
成都,2013-08-31,31,21
成都,2013-09-01,27,20
成都,2013-09-02,23,19
成都,2013-09-03,23,19
成都,2013-09-04,23,19
成都,2013-09-05,22,18
成都,2013-09-06,23,18
成都,2013-09-07,23,18
成都,2013-09-08,23,17
成都,2013-09-09,26,18
成都,2013-09-10,27,19
成都,2013-09-11,27,20
成都,2013-09-12,28,19
成都,2013-09-13,28,19
成都,2013-09-14,30,19
成都,2013-09-15,31,21
成都,2013-09-16,28,21
成都,2013-09-17,29,22
成都,2013-09-18,28,22
成都,2013-09-19,26,21
成都,2013-09-20,26,20
成都,2013-09-21,26,19
成都,2013-09-22,25,19
成都,2013-09-23,26,20
成都,2013-09-24,27,20
成都,2013-09-25,24,19
成都,2013-09-26,22,16
成都,2013-09-27,23,14
成都,2013-09-28,26,14
成都,2013-09-29,24,15
成都,2013-09-30,25,16
成都,2013-10-01,25,15
成都,2013-10-02,24,17
成都,2013-10-03,24,17
成都,2013-10-04,22,16
成都,2013-10-05,23,17
成都,2013-10-06,24,17
成都,2013-10-07,27,16
成都,2013-10-08,28,16
成都,2013-10-09,30,16
成都,2013-10-10,30,16
成都,2013-10-11,30,18
成都,2013-10-12,29,17
成都,2013-10-13,29,17
成都,2013-10-14,29,17
成都,2013-10-15,23,16
成都,2013-10-16,17,13
成都,2013-10-17,17,12
成都,2013-10-18,17,13
成都,2013-10-19,19,12
成都,2013-10-20,18,13
成都,2013-10-21,18,14
成都,2013-10-22,22,15
成都,2013-10-23,24,14
成都,2013-10-24,24,13
成都,2013-10-25,22,13
成都,2013-10-26,19,14
成都,2013-10-27,20,13
成都,2013-10-28,20,14
成都,2013-10-29,16,13
成都,2013-10-30,18,13
成都,2013-10-31,17,13
成都,2013-11-01,18,12
成都,2013-11-02,20,13
成都,2013-11-03,17,13
成都,2013-11-04,18,13
成都,2013-11-05,19,13
成都,2013-11-06,20,13
成都,2013-11-07,18,13
成都,2013-11-08,17,12
成都,2013-11-09,19,13
成都,2013-11-10,16,13
成都,2013-11-11,17,12
成都,2013-11-12,17,11
成都,2013-11-13,15,11
成都,2013-11-14,16,10
成都,2013-11-15,18,8
成都,2013-11-16,19,8
成都,2013-11-17,20,7
成都,2013-11-18,19,8
成都,2013-11-19,18,8
成都,2013-11-20,18,9
成都,2013-11-21,16,11
成都,2013-11-22,15,11
成都,2013-11-23,13,8
成都,2013-11-24,15,6
成都,2013-11-25,14,5
成都,2013-11-26,13,6
成都,2013-11-27,14,6
成都,2013-11-28,15,5
成都,2013-11-29,14,5
成都,2013-11-30,15,4
成都,2013-12-01,15,4
成都,2013-12-02,15,4
成都,2013-12-03,17,3
成都,2013-12-04,15,3
成都,2013-12-05,17,4
成都,2013-12-06,17,4
成都,2013-12-07,15,2
成都,2013-12-08,13,5
成都,2013-12-09,14,4
成都,2013-12-10,13,4
成都,2013-12-11,12,5
成都,2013-12-12,11,2
成都,2013-12-13,14,3
成都,2013-12-14,11,6
成都,2013-12-15,13,5
成都,2013-12-16,14,0
成都,2013-12-17,11,-1
成都,2013-12-18,11,1
成都,2013-12-19,10,3
成都,2013-12-20,9,4
成都,2013-12-21,9,2
成都,2013-12-22,9,2
成都,2013-12-23,8,2
成都,2013-12-24,7,3
成都,2013-12-25,8,4
成都,2013-12-26,7,4
成都,2013-12-27,8,0
成都,2013-12-28,8,3
成都,2013-12-29,8,1
成都,2013-12-30,10,1
成都,2013-12-31,10,0
成都,2014-01-01,9,0
成都,2014-01-02,8,2
成都,2014-01-03,11,0
成都,2014-01-04,13,-2
成都,2014-01-05,11,3
成都,2014-01-06,9,3
成都,2014-01-07,9,4
成都,2014-01-08,10,2
成都,2014-01-09,9,2
成都,2014-01-10,8,3
成都,2014-01-11,10,3
成都,2014-01-12,9,3
成都,2014-01-13,12,-1
成都,2014-01-14,10,2
成都,2014-01-15,10,2
成都,2014-01-16,11,4
成都,2014-01-17,12,2
成都,2014-01-18,11,3
成都,2014-01-19,9,4
成都,2014-01-20,14,2
成都,2014-01-21,14,0
成都,2014-01-22,15,1
成都,2014-01-23,14,1
成都,2014-01-24,16,3
成都,2014-01-25,16,2
成都,2014-01-26,15,6
成都,2014-01-27,14,5
成都,2014-01-28,15,5
成都,2014-01-29,15,5
成都,2014-01-30,15,5
成都,2014-01-31,16,5
成都,2014-02-01,16,4
成都,2014-02-02,18,5
成都,2014-02-03,18,5
成都,2014-02-04,15,10
成都,2014-02-05,13,9
成都,2014-02-06,10,6
成都,2014-02-07,9,3
成都,2014-02-08,7,3
成都,2014-02-09,7,4
成都,2014-02-10,7,4
成都,2014-02-11,4,-1
成都,2014-02-12,4,-2
成都,2014-02-13,6,1
成都,2014-02-14,8,1
成都,2014-02-15,8,1
成都,2014-02-16,8,2
成都,2014-02-17,7,3
成都,2014-02-18,6,2
成都,2014-02-19,11,0
成都,2014-02-20,11,4
成都,2014-02-21,11,5
成都,2014-02-22,11,5
成都,2014-02-23,13,6
成都,2014-02-24,14,8
成都,2014-02-25,15,6
成都,2014-02-26,13,8
成都,2014-02-27,13,7
成都,2014-02-28,11,7
成都,2014-03-01,12,6
成都,2014-03-02,12,7
成都,2014-03-03,11,7
成都,2014-03-04,15,5
成都,2014-03-05,15,7
成都,2014-03-06,11,8
成都,2014-03-07,11,7
成都,2014-03-08,13,7
成都,2014-03-09,16,7
成都,2014-03-10,16,8
成都,2014-03-11,16,8
成都,2014-03-12,19,8
成都,2014-03-13,16,9
成都,2014-03-14,18,8
成都,2014-03-15,19,8
成都,2014-03-16,20,7
成都,2014-03-17,21,9
成都,2014-03-18,23,10
成都,2014-03-19,23,11
成都,2014-03-20,19,9
成都,2014-03-21,14,7
成都,2014-03-22,15,8
成都,2014-03-23,14,8
成都,2014-03-24,17,8
成都,2014-03-25,19,9
成都,2014-03-26,23,7
成都,2014-03-27,21,11
成都,2014-03-28,24,13
成都,2014-03-29,22,13
成都,2014-03-30,19,13
成都,2014-03-31,19,15
成都,2014-04-01,19,12
成都,2014-04-02,20,10
成都,2014-04-03,23,12
成都,2014-04-04,21,13
成都,2014-04-05,17,12
成都,2014-04-06,22,11
成都,2014-04-07,22,13
成都,2014-04-08,22,14
成都,2014-04-09,22,14
成都,2014-04-10,24,15
成都,2014-04-11,24,17
成都,2014-04-12,26,15
成都,2014-04-13,26,16
成都,2014-04-14,27,18
成都,2014-04-15,27,17
成都,2014-04-16,27,17
成都,2014-04-17,26,18
成都,2014-04-18,27,18
成都,2014-04-19,26,17
成都,2014-04-20,24,17
成都,2014-04-21,20,15
成都,2014-04-22,22,12
成都,2014-04-23,26,15
成都,2014-04-24,25,15
成都,2014-04-25,21,13
成都,2014-04-26,24,13
成都,2014-04-27,26,13
成都,2014-04-28,25,14
成都,2014-04-29,25,15
成都,2014-04-30,27,13
成都,2014-05-01,25,14
成都,2014-05-02,22,15
成都,2014-05-03,22,15
成都,2014-05-04,25,14
成都,2014-05-05,26,14
成都,2014-05-06,27,15
成都,2014-05-07,28,14
成都,2014-05-08,24,15
成都,2014-05-09,25,16
成都,2014-05-10,24,16
成都,2014-05-11,27,15
成都,2014-05-12,27,18
成都,2014-05-13,27,17
成都,2014-05-14,25,18
成都,2014-05-15,23,16
成都,2014-05-16,24,15
成都,2014-05-17,27,16
成都,2014-05-18,28,18
成都,2014-05-19,28,19
成都,2014-05-20,29,18
成都,2014-05-21,28,18
成都,2014-05-22,27,18
成都,2014-05-23,26,19
成都,2014-05-24,27,19
成都,2014-05-25,25,20
成都,2014-05-26,30,19
成都,2014-05-27,30,18
成都,2014-05-28,30,19
成都,2014-05-29,31,20
成都,2014-05-30,30,20
成都,2014-05-31,32,22
成都,2014-06-01,32,23
成都,2014-06-02,32,24
成都,2014-06-03,28,22
成都,2014-06-04,27,23
成都,2014-06-05,28,22
成都,2014-06-06,29,21
成都,2014-06-07,31,21
成都,2014-06-08,32,20
成都,2014-06-09,32,20
成都,2014-06-10,19,24
成都,2014-06-11,19,24
成都,2014-06-12,18,23
成都,2014-06-13,26,19
成都,2014-06-14,20,26
成都,2014-06-15,21,30
成都,2014-06-16,22,30
成都,2014-06-17,32,21
成都,2014-06-18,20,25
成都,2014-06-19,22,30
成都,2014-06-20,21,29
成都,2014-06-21,21,29
成都,2014-06-22,19,26
成都,2014-06-23,26,19
成都,2014-06-24,19,26
成都,2014-06-25,21,28
成都,2014-06-26,22,29
成都,2014-06-27,22,26
成都,2014-06-28,21,27
成都,2014-06-29,20,26
成都,2014-06-30,27,20
成都,2014-07-01,29,20
成都,2014-07-02,28,22
成都,2014-07-03,22,31
成都,2014-07-04,21,32
成都,2014-07-05,28,24
成都,2014-07-06,28,23
成都,2014-07-07,23,29
成都,2014-07-08,28,24
成都,2014-07-09,26,21
成都,2014-07-10,27,21
成都,2014-07-11,28,22
成都,2014-07-12,28,23
成都,2014-07-13,29,21
成都,2014-07-14,32,21
成都,2014-07-15,31,21
成都,2014-07-16,31,21
成都,2014-07-17,31,22
成都,2014-07-18,30,22
成都,2014-07-19,29,22
成都,2014-07-20,28,22
成都,2014-07-21,29,23
成都,2014-07-22,32,24
成都,2014-07-23,33,24
成都,2014-07-24,34,25
成都,2014-07-25,34,22
成都,2014-07-26,33,24
成都,2014-07-27,34,23
成都,2014-07-28,33,24
成都,2014-07-29,32,24
成都,2014-07-30,29,24
成都,2014-07-31,29,23
成都,2014-08-01,32,23
成都,2014-08-02,32,24
成都,2014-08-03,34,24
成都,2014-08-04,33,24
成都,2014-08-05,32,23
成都,2014-08-06,33,23
成都,2014-08-07,30,23
成都,2014-08-08,29,23
成都,2014-08-09,26,22
成都,2014-08-10,27,22
成都,2014-08-11,27,22
成都,2014-08-12,27,22
成都,2014-08-13,31,20
成都,2014-08-14,31,20
成都,2014-08-15,28,22
成都,2014-08-16,27,23
成都,2014-08-17,26,21
成都,2014-08-18,30,22
成都,2014-08-19,31,22
成都,2014-08-20,31,22
成都,2014-08-21,27,22
成都,2014-08-22,23,19
成都,2014-08-23,26,19
成都,2014-08-24,31,20
成都,2014-08-25,30,20
成都,2014-08-26,24,20
成都,2014-08-27,26,19
成都,2014-08-28,28,19
成都,2014-08-29,28,20
成都,2014-08-30,29,22
成都,2014-08-31,29,21
成都,2014-09-01,26,21
成都,2014-09-02,27,21
成都,2014-09-03,27,19
成都,2014-09-04,28,17
成都,2014-09-05,28,18
成都,2014-09-06,27,21
成都,2014-09-07,28,21
成都,2014-09-08,28,22
成都,2014-09-09,26,21
成都,2014-09-10,28,22
成都,2014-09-11,29,22
成都,2014-09-12,29,22
成都,2014-09-13,27,22
成都,2014-09-14,24,20
成都,2014-09-15,24,20
成都,2014-09-16,24,19
成都,2014-09-17,25,19
成都,2014-09-18,23,18
成都,2014-09-19,28,17
成都,2014-09-20,28,19
成都,2014-09-21,27,20
成都,2014-09-22,25,20
成都,2014-09-23,24,19
成都,2014-09-24,25,18
成都,2014-09-25,26,17
成都,2014-09-26,24,18
成都,2014-09-27,24,19
成都,2014-09-28,26,19
成都,2014-09-29,29,19
成都,2014-09-30,27,19
成都,2014-10-01,26,19
成都,2014-10-02,29,18
成都,2014-10-03,28,19
成都,2014-10-04,28,19
成都,2014-10-05,29,16
成都,2014-10-06,26,15
成都,2014-10-07,26,17
成都,2014-10-08,26,18
成都,2014-10-09,25,19
成都,2014-10-10,23,17
成都,2014-10-11,20,16
成都,2014-10-12,16,14
成都,2014-10-13,19,13
成都,2014-10-14,21,11
成都,2014-10-15,18,14
成都,2014-10-16,17,13
成都,2014-10-17,18,14
成都,2014-10-18,21,15
成都,2014-10-19,21,14
成都,2014-10-20,25,15
成都,2014-10-21,25,15
成都,2014-10-22,23,16
成都,2014-10-23,23,15
成都,2014-10-24,25,13
成都,2014-10-25,24,14
成都,2014-10-26,24,14
成都,2014-10-27,18,16
成都,2014-10-28,21,15
成都,2014-10-29,20,15
成都,2014-10-30,20,15
成都,2014-10-31,18,14
成都,2014-11-01,17,13
成都,2014-11-02,16,12
成都,2014-11-03,18,7
成都,2014-11-04,17,9
成都,2014-11-05,19,9
成都,2014-11-06,18,12
成都,2014-11-07,18,12
成都,2014-11-08,15,10
成都,2014-11-09,15,10
成都,2014-11-10,15,10
成都,2014-11-11,16,10
成都,2014-11-12,17,10
成都,2014-11-13,17,9
成都,2014-11-14,16,7
成都,2014-11-15,16,10
成都,2014-11-16,14,9
成都,2014-11-17,12,10
成都,2014-11-18,16,10
成都,2014-11-19,16,8
成都,2014-11-20,15,8
成都,2014-11-21,14,8
成都,2014-11-22,15,11
成都,2014-11-23,14,9
成都,2014-11-24,15,9
成都,2014-11-25,15,8
成都,2014-11-26,14,10
成都,2014-11-27,17,8
成都,2014-11-28,15,9
成都,2014-11-29,15,10
成都,2014-11-30,13,10
成都,2014-12-01,12,8
成都,2014-12-02,13,7
成都,2014-12-03,13,9
成都,2014-12-04,13,4
成都,2014-12-05,13,7
成都,2014-12-06,11,8
成都,2014-12-07,13,6
成都,2014-12-08,13,4
成都,2014-12-09,8,6
成都,2014-12-10,8,4
成都,2014-12-11,8,3
成都,2014-12-12,11,1
成都,2014-12-13,10,1
成都,2014-12-14,10,3
成都,2014-12-15,10,5
成都,2014-12-16,10,3
成都,2014-12-17,11,1
成都,2014-12-18,11,2
成都,2014-12-19,11,-1
成都,2014-12-20,10,1
成都,2014-12-21,10,0
成都,2014-12-22,12,-2
成都,2014-12-23,11,-1
成都,2014-12-24,11,2
成都,2014-12-25,11,4
成都,2014-12-26,9,4
成都,2014-12-27,11,4
成都,2014-12-28,12,1
成都,2014-12-29,13,0
成都,2014-12-30,14,3
成都,2014-12-31,12,2
成都,2015-01-01,12,4
成都,2015-01-02,10,5
成都,2015-01-03,11,3
成都,2015-01-04,9,1
成都,2015-01-05,9,5
成都,2015-01-06,11,2
成都,2015-01-07,9,3
成都,2015-01-08,11,5
成都,2015-01-09,12,2
成都,2015-01-10,12,2
成都,2015-01-11,11,4
成都,2015-01-12,13,3
成都,2015-01-13,11,2
成都,2015-01-14,10,5
成都,2015-01-15,11,5
成都,2015-01-16,11,4
成都,2015-01-17,11,6
成都,2015-01-18,11,5
成都,2015-01-19,11,4
成都,2015-01-20,14,3
成都,2015-01-21,15,2
成都,2015-01-22,14,3
成都,2015-01-23,13,3
成都,2015-01-24,13,6
成都,2015-01-25,14,6
成都,2015-01-26,14,8
成都,2015-01-27,13,9
成都,2015-01-28,8,6
成都,2015-01-29,7,3
成都,2015-01-30,6,3
成都,2015-01-31,7,2
成都,2015-03-01,14,2
成都,2015-03-02,13,4
成都,2015-03-03,12,5
成都,2015-03-04,10,6
成都,2015-03-05,10,4
成都,2015-03-06,12,3
成都,2015-03-07,14,6
成都,2015-03-08,17,7
成都,2015-03-09,20,7
成都,2015-03-10,15,8
成都,2015-03-11,16,8
成都,2015-03-12,20,8
成都,2015-03-13,20,8
成都,2015-03-14,19,8
成都,2015-03-15,20,11
成都,2015-03-16,21,12
成都,2015-03-17,20,15
成都,2015-03-18,20,14
成都,2015-03-19,18,13
成都,2015-03-20,20,12
成都,2015-03-21,22,9
成都,2015-03-22,22,12
成都,2015-03-23,23,12
成都,2015-03-24,19,13
成都,2015-03-25,21,13
成都,2015-03-26,22,15
成都,2015-03-27,20,15
成都,2015-03-28,22,15
成都,2015-03-29,24,14
成都,2015-03-30,25,14
成都,2015-03-31,26,17
成都,2016-02-01,7,1
成都,2016-02-02,9,2
成都,2016-02-03,7,3
成都,2016-02-04,12,4
成都,2016-02-05,11,2
成都,2016-02-06,12,0
成都,2016-02-07,14,3
成都,2016-02-08,14,4
成都,2016-02-09,15,4
成都,2016-02-10,16,5
成都,2016-02-11,17,7
成都,2016-02-12,18,7
成都,2016-02-13,12,2
成都,2016-02-14,8,1
成都,2016-02-15,8,1
成都,2016-02-16,10,2
成都,2016-02-17,12,2
成都,2016-02-18,13,3
成都,2016-02-19,13,4
成都,2016-02-20,13,4
成都,2016-02-21,11,5
成都,2016-02-22,14,7
成都,2016-02-23,11,4
成都,2016-02-24,11,5
成都,2016-02-25,14,4
成都,2016-02-26,16,4
成都,2016-02-27,18,6
成都,2016-02-28,19,7
成都,2016-02-29,20,8
成都,2016-03-01,20,7
成都,2016-03-02,21,8
成都,2016-03-03,23,11
成都,2016-03-04,22,8
成都,2016-03-05,22,11
成都,2016-03-06,24,13
成都,2016-03-07,22,13
成都,2016-03-08,19,8
成都,2016-03-09,15,7
成都,2016-03-10,12,4
成都,2016-03-11,13,6
成都,2016-03-12,14,7
成都,2016-03-13,16,4
成都,2016-03-14,15,10
成都,2016-03-15,16,10
成都,2016-03-16,18,10
成都,2016-03-17,18,10
成都,2016-03-18,24,11
成都,2016-03-19,21,12
成都,2016-03-20,22,13
成都,2016-03-21,17,13
成都,2016-03-22,15,12
成都,2016-03-23,13,9
成都,2016-03-24,17,8
成都,2016-03-25,18,10
成都,2016-03-26,17,7
成都,2016-03-27,18,11
成都,2016-03-28,18,12
成都,2016-03-29,16,10
成都,2016-03-30,21,12
成都,2016-03-31,23,11
成都,2016-04-01,24,13
成都,2016-04-02,23,12
成都,2016-04-03,28,16
成都,2016-04-04,27,16
成都,2016-04-05,24,17
成都,2016-04-06,22,15
成都,2016-04-07,26,14
成都,2016-04-08,23,16
成都,2016-04-09,20,14
成都,2016-04-10,25,15
成都,2016-04-11,25,15
成都,2016-04-12,25,15
成都,2016-04-13,22,15
成都,2016-04-14,21,15
成都,2016-04-15,23,13
成都,2016-04-16,24,14
成都,2016-04-17,21,10
成都,2016-04-18,23,12
成都,2016-04-19,25,14
成都,2016-04-20,27,15
成都,2016-04-21,23,14
成都,2016-04-22,22,14
成都,2016-04-23,24,14
成都,2016-04-24,22,15
成都,2016-04-25,23,15
成都,2016-04-26,25,14
成都,2016-04-27,27,15
成都,2016-04-28,26,15
成都,2016-04-29,24,14
成都,2016-04-30,27,17
成都,2016-05-01,29,17
成都,2016-05-02,29,17
成都,2016-05-03,31,18
成都,2016-05-04,32,19
成都,2016-05-05,29,20
成都,2016-05-06,27,20
成都,2016-05-07,24,17
成都,2016-05-08,26,16
成都,2016-05-09,29,17
成都,2016-05-10,31,18
成都,2016-05-11,32,18
成都,2016-05-12,27,16
成都,2016-05-13,25,18
成都,2016-05-14,24,16
成都,2016-05-15,25,13
成都,2016-05-16,26,14
成都,2016-05-17,23,16
成都,2016-05-18,27,18
成都,2016-05-19,26,18
成都,2016-05-20,28,18
成都,2016-05-21,25,17
成都,2016-05-22,20,17
成都,2016-05-23,27,16
成都,2016-05-24,27,17
成都,2016-05-25,22,16
成都,2016-05-26,22,15
成都,2016-05-27,24,17
成都,2016-05-28,26,18
成都,2016-05-29,29,18
成都,2016-05-30,29,21
成都,2016-05-31,30,22
成都,2016-06-01,29,23
成都,2016-06-02,30,21
成都,2016-06-03,29,18
成都,2016-06-04,31,20
成都,2016-06-05,29,20
成都,2016-06-06,32,20
成都,2016-06-07,29,20
成都,2016-06-08,29,21
成都,2016-06-09,28,18
成都,2016-06-10,27,18
成都,2016-06-11,29,20
成都,2016-06-12,29,21
成都,2016-06-13,29,22
成都,2016-06-14,29,24
成都,2016-06-15,26,18
成都,2016-06-16,29,19
成都,2016-06-17,29,22
成都,2016-06-18,29,23
成都,2016-06-19,29,23
成都,2016-06-20,29,23
成都,2016-06-21,29,25
成都,2016-06-23,30,23
成都,2016-06-24,30,20
成都,2016-06-25,28,20
成都,2016-06-26,26,21
成都,2016-06-27,28,20
成都,2016-06-28,32,21
成都,2016-06-29,32,22
成都,2016-06-30,26,21
成都,2016-07-01,33,23
成都,2016-07-02,33,22
成都,2016-07-03,30,21
成都,2016-07-04,31,23
成都,2016-07-05,27,22
成都,2016-07-06,25,21
成都,2016-07-07,27,23
成都,2016-07-08,30,23
成都,2016-07-09,28,23
成都,2016-07-10,32,24
成都,2016-07-11,31,23
成都,2016-07-12,31,24
成都,2016-07-13,30,23
成都,2016-07-14,29,20
成都,2016-07-15,32,20
成都,2016-07-16,33,23
成都,2016-07-17,31,23
成都,2016-07-18,27,22
成都,2016-07-19,34,22
成都,2016-07-20,34,23
成都,2016-07-21,33,24
成都,2016-07-22,30,23
成都,2016-07-23,30,24
成都,2016-07-24,31,24
成都,2016-07-25,30,23
成都,2016-07-26,30,23
成都,2016-07-27,32,22
成都,2016-07-28,33,21
成都,2016-07-29,31,23
成都,2016-07-30,33,23
成都,2016-07-31,29,22
成都,2016-08-01,33,23
成都,2016-08-02,32,22
成都,2016-08-03,30,22
成都,2016-08-04,32,21
成都,2016-08-05,31,22
成都,2016-08-06,32,23
成都,2016-08-07,31,22
成都,2016-08-08,30,22
成都,2016-08-09,32,22
成都,2016-08-10,31,22
成都,2016-08-11,34,23
成都,2016-08-12,34,24
成都,2016-08-13,34,23
成都,2016-08-14,34,25
成都,2016-08-15,33,24
成都,2016-08-16,33,24
成都,2016-08-17,34,25
成都,2016-08-18,34,23
成都,2016-08-19,34,23
成都,2016-08-20,34,24
成都,2016-08-21,34,25
成都,2016-08-22,34,25
成都,2016-08-23,34,25
成都,2016-08-24,36,25
成都,2016-08-25,34,22
成都,2016-08-26,30,22
成都,2016-08-27,29,21
成都,2016-08-28,30,22
成都,2016-08-29,24,20
成都,2016-08-30,26,18
成都,2016-08-31,26,19
成都,2016-09-01,29,17
成都,2016-09-02,30,20
成都,2016-09-03,27,20
成都,2016-09-04,24,20
成都,2016-09-05,22,19
成都,2016-09-06,27,19
成都,2016-09-07,25,20
成都,2016-09-08,25,19
成都,2016-09-09,29,20
成都,2016-09-10,29,18
成都,2016-09-11,32,19
成都,2016-09-12,28,19
成都,2016-09-13,25,19
成都,2016-09-14,21,18
成都,2016-09-15,28,18
成都,2016-09-16,26,19
成都,2016-09-17,25,20
成都,2016-09-18,23,18
成都,2016-09-19,23,17
成都,2016-09-20,24,17
成都,2016-09-21,27,18
成都,2016-09-22,26,19
成都,2016-09-23,22,18
成都,2016-09-24,24,18
成都,2016-09-25,24,18
成都,2016-09-26,25,19
成都,2016-09-27,26,19
成都,2016-09-28,28,19
成都,2016-09-29,26,18
成都,2016-09-30,28,19
成都,2016-10-01,30,19
成都,2016-10-02,32,19
成都,2016-10-03,29,20
成都,2016-10-04,27,18
成都,2016-10-05,23,18
成都,2016-10-06,24,19
成都,2016-10-07,22,18
成都,2016-10-08,20,14
成都,2016-10-09,19,15
成都,2016-10-10,18,14
成都,2016-10-11,18,15
成都,2016-10-12,17,14
成都,2016-10-13,20,15
成都,2016-10-14,19,15
成都,2016-10-15,21,15
成都,2016-10-16,24,15
成都,2016-10-17,24,15
成都,2016-10-18,22,16
成都,2016-10-19,21,16
成都,2016-10-20,24,17
成都,2016-10-21,22,18
成都,2016-10-22,22,17
成都,2016-10-23,21,16
成都,2016-10-24,22,17
成都,2016-10-25,21,15
成都,2016-10-26,21,15
成都,2016-10-27,21,13
成都,2016-10-28,16,8
成都,2016-10-29,15,11
成都,2016-10-30,17,11
成都,2016-10-31,19,11
成都,2016-11-01,17,12
成都,2016-11-02,19,12
成都,2016-11-03,19,11
成都,2016-11-04,20,12
成都,2016-11-05,20,14
成都,2016-11-06,19,12
成都,2016-11-07,13,9
成都,2016-11-08,12,8
成都,2016-11-09,13,7
成都,2016-11-10,15,8
成都,2016-11-11,16,9
成都,2016-11-12,18,7
成都,2016-11-13,18,9
成都,2016-11-14,19,10
成都,2016-11-15,19,11
成都,2016-11-16,18,12
成都,2016-11-17,20,13
成都,2016-11-18,21,13
成都,2016-11-19,19,11
成都,2016-11-20,20,11
成都,2016-11-21,19,11
成都,2016-11-22,12,6
成都,2016-11-23,9,5
成都,2016-11-24,9,5
成都,2016-11-25,10,4
成都,2016-11-26,13,4
成都,2016-11-27,12,6
成都,2016-11-28,12,6
成都,2016-11-29,13,5
成都,2016-11-30,15,6
成都,2016-12-01,14,8
成都,2016-12-02,11,8
成都,2016-12-03,12,4
成都,2016-12-04,16,5
成都,2016-12-05,15,3
成都,2016-12-06,16,2
成都,2016-12-07,15,2
成都,2016-12-08,15,6
成都,2016-12-09,14,7
成都,2016-12-10,15,3
成都,2016-12-11,13,7
成都,2016-12-12,14,7
成都,2016-12-13,12,7
成都,2016-12-14,12,8
成都,2016-12-15,12,4
成都,2016-12-16,12,5
成都,2016-12-17,12,6
成都,2016-12-18,12,7
成都,2016-12-19,13,8
成都,2016-12-20,13,6
成都,2016-12-21,14,3
成都,2016-12-22,15,6
成都,2016-12-23,11,7
成都,2016-12-24,11,7
成都,2016-12-26,11,4
成都,2016-12-27,11,3
成都,2016-12-28,12,4
成都,2016-12-29,11,6
成都,2016-12-30,11,5
成都,2016-12-31,12,6
成都,2017-01-01,12,5
成都,2017-01-02,13,2
成都,2017-01-03,12,5
成都,2017-01-04,12,7
成都,2017-01-05,14,5
成都,2017-01-06,11,6
成都,2017-01-07,11,6
成都,2017-01-08,12,7
成都,2017-01-09,10,7
成都,2017-01-10,8,3
成都,2017-01-11,8,2
成都,2017-01-12,11,1
成都,2017-01-13,12,1
成都,2017-01-14,10,4
成都,2017-01-15,10,4
成都,2017-01-16,8,5
成都,2017-01-17,9,4
成都,2017-01-18,10,4
成都,2017-01-19,9,3
成都,2017-01-20,10,3
成都,2017-01-21,13,2
成都,2017-01-22,12,4
成都,2017-01-23,12,1
成都,2017-01-24,12,2
成都,2017-01-25,13,4
成都,2017-01-26,12,4
成都,2017-01-27,12,4
成都,2017-01-28,13,6
成都,2017-01-29,13,3
成都,2017-01-30,12,7
成都,2017-01-31,11,6
成都,2017-02-01,9,5
成都,2017-02-02,10,4
成都,2017-02-03,12,4
成都,2017-02-04,12,6
成都,2017-02-05,13,6
成都,2017-02-06,10,6
成都,2017-02-07,8,4
成都,2017-02-08,12,3
成都,2017-02-09,10,5
成都,2017-02-10,10,5
成都,2017-02-11,11,4
成都,2017-02-12,12,5
成都,2017-02-13,12,6
成都,2017-02-14,14,4
成都,2017-02-15,15,6
成都,2017-02-16,14,7
成都,2017-02-17,18,5
成都,2017-02-18,17,6
成都,2017-02-19,19,4
成都,2017-02-20,17,8
成都,2017-02-21,11,6
成都,2017-02-22,12,5
成都,2017-02-23,10,4
成都,2017-02-24,12,5
成都,2017-02-25,13,4
成都,2017-02-26,12,3
成都,2017-02-27,13,4
成都,2017-02-28,15,3
成都,2017-03-01,16,6
成都,2017-03-02,14,7
成都,2017-03-03,13,7
成都,2017-03-06,13,7
成都,2017-03-07,14,6
成都,2017-03-08,15,6
成都,2017-03-09,14,7
成都,2017-03-10,14,8
成都,2017-03-11,16,9
成都,2017-03-12,13,8
成都,2017-03-13,13,6
成都,2017-03-14,12,7
成都,2017-03-15,13,5
成都,2017-03-16,15,6
成都,2017-03-17,15,7
成都,2017-03-18,15,8
成都,2017-03-19,14,7
成都,2017-03-20,20,10
成都,2017-03-21,15,10
成都,2017-03-22,15,11
成都,2017-03-23,16,11
成都,2017-03-24,15,8
成都,2017-03-25,15,6
成都,2017-03-26,19,6
成都,2017-03-27,21,8
成都,2017-03-28,21,11
成都,2017-03-29,21,11
成都,2017-03-30,21,12
成都,2017-03-31,23,11
成都,2017-04-01,21,13
成都,2017-04-02,18,12
成都,2017-04-03,18,12
成都,2017-04-04,22,12
成都,2017-04-05,20,14
成都,2017-04-06,23,13
成都,2017-04-07,23,15
成都,2017-04-08,24,15
成都,2017-04-09,23,14
成都,2017-04-10,19,14
成都,2017-04-11,19,13
成都,2017-04-12,23,11
成都,2017-04-13,26,11
成都,2017-04-14,27,15
成都,2017-04-15,26,16
成都,2017-04-16,20,11
成都,2017-04-17,26,12
成都,2017-04-18,28,12
成都,2017-04-19,29,15
成都,2017-04-20,21,13
成都,2017-04-21,23,12
成都,2017-04-22,25,11
成都,2017-04-23,27,14
成都,2017-04-24,24,17
成都,2017-04-25,23,15
成都,2017-04-26,20,13
成都,2017-04-27,19,12
成都,2017-04-28,24,12
成都,2017-04-29,26,15
成都,2017-04-30,28,15
成都,2017-05-01,30,18
成都,2017-05-02,26,16
成都,2017-05-03,23,15
成都,2017-05-04,27,14
成都,2017-05-05,20,13
成都,2017-05-06,22,13
成都,2017-05-07,23,13
成都,2017-05-08,27,16
成都,2017-05-09,26,17
成都,2017-05-10,27,18
成都,2017-05-11,27,17
成都,2017-05-12,31,13
成都,2017-05-13,32,18
成都,2017-05-14,30,17
成都,2017-05-15,29,17
成都,2017-05-16,30,15
成都,2017-05-17,30,18
成都,2017-05-18,27,15
成都,2017-05-19,31,20
成都,2017-05-20,26,20
成都,2017-05-21,26,20
成都,2017-05-22,25,17
成都,2017-05-23,26,17
成都,2017-05-24,27,16
成都,2017-05-25,29,17
成都,2017-05-26,31,18
成都,2017-05-27,33,22
成都,2017-05-28,32,21
成都,2017-05-29,29,20
成都,2017-05-30,31,20
成都,2017-05-31,30,21
成都,2017-06-01,30,20
成都,2017-06-02,30,22
成都,2017-06-03,28,20
成都,2017-06-04,27,18
成都,2017-06-05,30,19
成都,2017-06-06,30,19
成都,2017-06-07,30,20
成都,2017-06-08,27,20
成都,2017-06-09,28,21
成都,2017-06-10,28,19
成都,2017-06-11,30,21
成都,2017-06-12,30,21
成都,2017-06-13,26,20
成都,2017-06-14,20,17
成都,2017-06-15,23,17
成都,2017-06-16,27,18
成都,2017-06-17,28,20
成都,2017-06-18,29,20
成都,2017-06-19,30,21
成都,2017-06-20,30,21
成都,2017-06-21,30,22
成都,2017-06-22,27,22
成都,2017-06-23,30,23
成都,2017-06-24,30,21
成都,2017-06-25,30,19
成都,2017-06-26,30,19
成都,2017-06-27,30,20
成都,2017-06-28,28,20
成都,2017-06-29,32,21
成都,2017-06-30,30,20
成都,2017-07-01,33,23
成都,2017-07-02,35,23
成都,2017-07-03,31,23
成都,2017-07-04,31,22
成都,2017-07-05,26,22
成都,2017-07-06,30,23
成都,2017-07-07,33,23
成都,2017-07-08,32,23
成都,2017-07-09,35,21
成都,2017-07-10,34,24
成都,2017-07-11,36,25
成都,2017-07-12,33,23
成都,2017-07-13,33,22
成都,2017-07-14,31,22
成都,2017-07-15,32,23
成都,2017-07-16,32,22
成都,2017-07-17,31,23
成都,2017-07-18,30,23
成都,2017-07-19,30,23
成都,2017-07-20,31,23
成都,2017-07-21,31,23
成都,2017-07-22,30,23
成都,2017-07-23,32,23
成都,2017-07-24,31,24
成都,2017-07-25,33,24
成都,2017-07-26,32,24
成都,2017-07-27,32,24
成都,2017-07-28,32,24
成都,2017-07-29,31,22
成都,2017-07-30,32,24
成都,2017-07-31,31,24
成都,2017-08-01,31,25
成都,2017-08-02,35,24
成都,2017-08-03,33,25
成都,2017-08-04,33,24
成都,2017-08-05,34,25
成都,2017-08-06,33,24
成都,2017-08-07,28,21
成都,2017-08-08,32,22
成都,2017-08-09,34,24
成都,2017-08-10,33,22
成都,2017-08-11,28,21
成都,2017-08-12,30,21
成都,2017-08-13,34,23
成都,2017-08-14,32,23
成都,2017-08-15,29,23
成都,2017-08-16,31,23
成都,2017-08-17,27,23
成都,2017-08-18,29,23
成都,2017-08-19,31,24
成都,2017-08-20,30,24
成都,2017-08-21,31,23
成都,2017-08-22,31,24
成都,2017-08-23,32,23
成都,2017-08-24,28,23
成都,2017-08-25,27,22
成都,2017-08-26,28,23
成都,2017-08-27,31,23
成都,2017-08-28,30,22
成都,2017-08-29,27,21
成都,2017-08-30,25,20
成都,2017-08-31,25,20
成都,2017-09-01,26,19
成都,2017-09-02,26,19
成都,2017-09-03,23,19
成都,2017-09-04,23,19
成都,2017-09-05,25,19
成都,2017-09-06,29,18
成都,2017-09-07,29,20
成都,2017-09-08,28,21
成都,2017-09-09,27,21
成都,2017-09-10,29,16
成都,2017-09-11,31,19
成都,2017-09-12,31,20
成都,2017-09-13,25,20
成都,2017-09-14,23,20
成都,2017-09-15,23,20
成都,2017-09-16,27,21
成都,2017-09-17,25,21
成都,2017-09-18,29,20
成都,2017-09-19,26,18
成都,2017-09-20,25,16
成都,2017-09-21,27,19
成都,2017-09-22,23,19
成都,2017-09-23,24,19
成都,2017-09-24,25,20
成都,2017-09-25,26,20
成都,2017-09-26,24,19
成都,2017-09-27,24,18
成都,2017-09-28,27,17
成都,2017-09-29,24,17
成都,2017-09-30,23,18
成都,2017-10-01,27,20
成都,2017-10-02,26,18
成都,2017-10-03,20,15
成都,2017-10-04,22,13
成都,2017-10-05,22,15
成都,2017-10-06,21,16
成都,2017-10-07,21,17
成都,2017-10-08,22,17
成都,2017-10-09,21,14
成都,2017-10-10,16,13
成都,2017-10-11,21,14
成都,2017-10-12,21,12
成都,2017-10-13,18,14
成都,2017-10-14,15,15
成都,2017-10-15,14,12
成都,2017-10-16,19,14
成都,2017-10-17,17,12
成都,2017-10-18,18,13
成都,2017-10-19,21,14
成都,2017-10-20,18,15
成都,2017-10-21,19,14
成都,2017-10-22,16,12
成都,2017-10-23,19,13
成都,2017-10-24,16,13
成都,2017-10-25,19,13
成都,2017-10-26,10,0
成都,2017-10-27,16,0
成都,2017-10-28,14,0
成都,2017-10-29,12,0
成都,2017-10-30,13,12
成都,2017-10-31,14,12
成都,2017-11-01,21,14
成都,2017-11-02,21,13
成都,2017-11-03,23,15
成都,2017-11-04,22,15
成都,2017-11-05,20,11
成都,2017-11-06,20,14
成都,2017-11-07,23,13
成都,2017-11-08,23,15
成都,2017-11-09,19,16
成都,2017-11-10,19,13
成都,2017-11-11,18,11
成都,2017-11-12,15,11
成都,2017-11-13,18,8
成都,2017-11-14,17,12
成都,2017-11-15,16,13
成都,2017-11-16,17,13
成都,2017-11-17,17,13
成都,2017-11-18,15,12
成都,2017-11-19,12,8
成都,2017-11-20,13,8
成都,2017-11-21,12,6
成都,2017-11-22,14,7
成都,2017-11-23,12,5
成都,2017-11-24,12,3
成都,2017-11-25,13,5
成都,2017-11-26,14,4
成都,2017-11-27,13,7
成都,2017-11-28,14,6
成都,2017-11-29,14,4
成都,2017-11-30,17,6
成都,2017-12-01,12,8
成都,2017-12-02,12,7
成都,2017-12-03,16,8
成都,2017-12-04,15,4
成都,2017-12-05,14,8
成都,2017-12-06,14,6
成都,2017-12-07,13,6
成都,2017-12-08,15,4
成都,2017-12-09,14,2
成都,2017-12-10,16,3
成都,2017-12-11,12,2
成都,2017-12-12,11,6
成都,2017-12-13,10,5
成都,2017-12-14,10,5
成都,2017-12-15,13,4
成都,2017-12-16,12,2
成都,2017-12-17,11,3
成都,2017-12-18,14,1
成都,2017-12-19,15,0
成都,2017-12-20,15,1
成都,2017-12-21,13,2
成都,2017-12-22,13,2
成都,2017-12-23,15,3
成都,2017-12-24,16,3
成都,2017-12-25,12,3
成都,2017-12-26,17,3
成都,2017-12-27,13,3
成都,2017-12-28,12,2
成都,2017-12-29,11,5
成都,2017-12-30,14,3
成都,2017-12-31,12,0
成都,2018-01-01,11,1
成都,2018-01-02,12,3
成都,2018-01-03,8,3
成都,2018-01-04,8,2
成都,2018-01-05,6,2
成都,2018-01-06,8,3
成都,2018-01-07,9,0
成都,2018-01-08,8,0
成都,2018-01-09,11,-3
成都,2018-01-10,12,-2
成都,2018-01-11,13,0
成都,2018-01-12,11,-1
成都,2018-01-13,11,0
成都,2018-01-14,12,0
成都,2018-01-15,8,2
成都,2018-01-16,17,2
成都,2018-01-17,13,0
成都,2018-01-18,11,2
成都,2018-01-19,15,2
成都,2018-01-20,12,3
成都,2018-01-21,16,2
成都,2018-01-22,11,3
成都,2018-01-23,12,4
成都,2018-01-24,9,3
成都,2018-01-25,8,2
成都,2018-01-26,4,0
成都,2018-01-27,5,0
成都,2018-01-28,9,-1
成都,2018-01-29,5,-1
成都,2018-01-30,6,-1
成都,2018-01-31,9,-1
成都,2018-02-01,8,-2
成都,2018-02-02,11,1
成都,2018-02-03,9,0
成都,2018-02-04,6,1
成都,2018-02-05,7,-1
成都,2018-02-06,6,0
成都,2018-02-07,9,2
成都,2018-02-08,9,2
成都,2018-02-09,10,2
成都,2018-02-10,10,3
成都,2018-02-11,9,0
成都,2018-02-12,11,2
成都,2018-02-13,12,2
成都,2018-02-14,12,4
成都,2018-02-15,18,4
成都,2018-02-16,17,4
成都,2018-02-17,17,8
成都,2018-02-18,14,7
成都,2018-02-19,17,6
成都,2018-02-20,18,7
成都,2018-02-21,11,5
成都,2018-02-22,14,5
成都,2018-02-23,13,5
成都,2018-02-24,19,6
成都,2018-02-25,20,8
成都,2018-02-26,15,10
成都,2018-02-27,20,9
成都,2018-02-28,21,10
成都,2018-03-01,24,12
成都,2018-03-02,23,12
成都,2018-03-03,22,11
成都,2018-03-04,17,14
成都,2018-03-05,15,11
成都,2018-03-06,14,8
成都,2018-03-07,19,8
成都,2018-03-08,21,7
成都,2018-03-09,23,7
成都,2018-03-10,19,9
成都,2018-03-11,19,10
成都,2018-03-12,21,11
成都,2018-03-13,22,11
成都,2018-03-14,26,11
成都,2018-03-15,27,11
成都,2018-03-16,22,15
成都,2018-03-17,18,13
成都,2018-03-18,19,12
成都,2018-03-19,23,11
成都,2018-03-20,19,10
成都,2018-03-21,19,11
成都,2018-03-22,24,12
成都,2018-03-23,20,12
成都,2018-03-24,19,13
成都,2018-03-25,23,13
成都,2018-03-26,22,13
成都,2018-03-27,24,13
成都,2018-03-28,25,13
成都,2018-03-29,24,15
成都,2018-03-30,19,16
成都,2018-03-31,20,16
成都,2018-04-01,27,14
成都,2018-04-02,30,14
成都,2018-04-03,31,17
成都,2018-04-04,31,14
成都,2018-04-05,20,12
成都,2018-04-06,14,8
成都,2018-04-07,21,8
成都,2018-04-08,24,10
成都,2018-04-09,26,13
成都,2018-04-10,28,15
成都,2018-04-11,29,20
成都,2018-04-12,24,16
成都,2018-04-13,21,9
成都,2018-04-14,16,11
成都,2018-04-15,20,10
成都,2018-04-16,26,10
成都,2018-04-17,27,13
成都,2018-04-18,30,16
成都,2018-04-19,29,20
成都,2018-04-20,27,18
成都,2018-04-21,28,18
成都,2018-04-22,30,18
成都,2018-04-23,24,20
成都,2018-04-24,21,14
成都,2018-04-25,23,14
成都,2018-04-26,28,14
成都,2018-04-27,27,15
成都,2018-04-28,27,16
成都,2018-04-29,31,16
成都,2018-04-30,29,19
成都,2018-05-01,26,18
成都,2018-05-02,29,21
成都,2018-05-03,27,17
成都,2018-05-04,27,17
成都,2018-05-05,24,17
成都,2018-05-06,27,15
成都,2018-05-07,27,15
成都,2018-05-08,24,19
成都,2018-05-09,17,15
成都,2018-05-10,19,15
成都,2018-05-11,28,16
成都,2018-05-12,29,16
成都,2018-05-13,28,16
成都,2018-05-14,31,18
成都,2018-05-15,34,19
成都,2018-05-16,35,21
成都,2018-05-17,27,22
成都,2018-05-18,30,20
成都,2018-05-19,29,21
成都,2018-05-20,31,21
成都,2018-05-21,30,17
成都,2018-05-22,25,15
成都,2018-05-23,25,12
成都,2018-05-24,27,16
成都,2018-05-25,31,19
成都,2018-05-26,23,17
成都,2018-05-27,30,16
成都,2018-05-28,28,16
成都,2018-05-29,28,17
成都,2018-05-30,27,17
成都,2018-05-31,26,17
成都,2018-06-01,24,18
成都,2018-06-02,25,18
成都,2018-06-03,23,18
成都,2018-06-04,29,17
成都,2018-06-05,32,18
成都,2018-06-06,33,18
成都,2018-06-07,31,21
成都,2018-06-08,26,17
成都,2018-06-09,28,17
成都,2018-06-10,31,17
成都,2018-06-11,22,20
成都,2018-06-12,28,20
成都,2018-06-13,28,21
成都,2018-06-14,29,20
成都,2018-06-15,24,20
成都,2018-06-16,25,19
成都,2018-06-17,26,19
成都,2018-06-18,31,20
成都,2018-06-19,31,22
成都,2018-06-20,33,22
成都,2018-06-21,26,22
成都,2018-06-22,32,22
成都,2018-06-23,30,23
成都,2018-06-24,27,22
成都,2018-06-25,29,22
成都,2018-06-26,28,23
成都,2018-06-27,30,23
成都,2018-06-28,32,23
成都,2018-06-29,30,24
成都,2018-06-30,31,24
成都,2018-07-01,31,24
成都,2018-07-02,25,22
成都,2018-07-03,27,22
成都,2018-07-04,28,22
成都,2018-07-05,31,22
成都,2018-07-06,32,24
成都,2018-07-07,31,24
成都,2018-07-08,25,21
成都,2018-07-09,23,20
成都,2018-07-10,26,22
成都,2018-07-11,26,22
成都,2018-07-12,28,22
成都,2018-07-13,31,23
成都,2018-07-14,31,23
成都,2018-07-15,29,23
成都,2018-07-16,29,22
成都,2018-07-17,31,23
成都,2018-07-18,34,24
成都,2018-07-19,30,25
成都,2018-07-20,35,25
成都,2018-07-21,35,25
成都,2018-07-22,32,24
成都,2018-07-23,31,25
成都,2018-07-24,32,24
成都,2018-07-25,34,24
成都,2018-07-26,33,23
成都,2018-07-27,29,23
成都,2018-07-28,31,24
成都,2018-07-29,33,24
成都,2018-07-30,30,23
成都,2018-07-31,28,22
成都,2018-08-01,28,22
成都,2018-08-02,28,22
成都,2018-08-03,30,23
成都,2018-08-04,33,24
成都,2018-08-05,32,24
成都,2018-08-06,34,24
成都,2018-08-07,30,24
成都,2018-08-08,31,23
成都,2018-08-09,30,23
成都,2018-08-10,31,23
成都,2018-08-11,31,23
成都,2018-08-12,32,23
成都,2018-08-13,33,24
成都,2018-08-14,33,23
成都,2018-08-15,36,24
成都,2018-08-16,32,26
成都,2018-08-17,35,24
成都,2018-08-18,33,23
成都,2018-08-19,35,23
成都,2018-08-20,36,24
成都,2018-08-21,35,24
成都,2018-08-22,32,24
成都,2018-08-23,34,22
成都,2018-08-24,29,23
成都,2018-08-25,30,23
成都,2018-08-26,34,24
成都,2018-08-27,33,23
成都,2018-08-28,34,23
成都,2018-08-29,35,24
成都,2018-08-30,34,25
成都,2018-08-31,33,25
成都,2018-09-01,31,25
成都,2018-09-02,34,24
成都,2018-09-03,31,24
成都,2018-09-04,31,24
成都,2018-09-05,26,21
成都,2018-09-06,28,20
成都,2018-09-07,27,19
成都,2018-09-08,27,18
成都,2018-09-09,22,18
成都,2018-09-10,21,17
成都,2018-09-11,22,17
成都,2018-09-12,23,17
成都,2018-09-13,23,17
成都,2018-09-14,23,17
成都,2018-09-15,24,18
成都,2018-09-16,26,17
成都,2018-09-17,27,18
成都,2018-09-18,25,19
成都,2018-09-19,27,19
成都,2018-09-20,27,20
成都,2018-09-21,28,19
成都,2018-09-22,28,19
成都,2018-09-23,25,20
成都,2018-09-24,22,19
成都,2018-09-25,23,16
成都,2018-09-26,21,17
成都,2018-09-27,21,16
成都,2018-09-28,25,16
成都,2018-09-29,25,16
成都,2018-09-30,24,17
成都,2018-10-01,22,16
成都,2018-10-02,19,13
成都,2018-10-03,19,13
成都,2018-10-04,22,13
成都,2018-10-05,21,15
成都,2018-10-06,21,15
成都,2018-10-07,20,15
成都,2018-10-08,18,14
成都,2018-10-09,24,13
成都,2018-10-10,24,12
成都,2018-10-11,19,13
成都,2018-10-12,17,14
成都,2018-10-13,17,14
成都,2018-10-14,18,12
成都,2018-10-15,21,13
成都,2018-10-16,20,13
成都,2018-10-17,18,14
成都,2018-10-18,16,13
成都,2018-10-19,15,13
成都,2018-10-20,15,13
成都,2018-10-21,19,12
成都,2018-10-22,20,14
成都,2018-10-23,19,13
成都,2018-10-24,19,14
成都,2018-10-25,21,14
成都,2018-10-26,22,15
成都,2018-10-27,20,15
成都,2018-10-28,22,15
成都,2018-10-29,23,15
成都,2018-10-30,25,12
成都,2018-10-31,24,12
成都,2018-11-01,23,13
成都,2018-11-02,22,14
成都,2018-11-03,21,14
成都,2018-11-04,19,14
成都,2018-11-05,16,11
成都,2018-11-06,15,9
成都,2018-11-07,13,7
成都,2018-11-08,16,5
成都,2018-11-09,15,8
成都,2018-11-10,18,9
成都,2018-11-11,17,10
成都,2018-11-12,17,12
成都,2018-11-13,16,11
成都,2018-11-14,15,11
成都,2018-11-15,13,11
成都,2018-11-16,11,8
成都,2018-11-17,9,7
成都,2018-11-18,11,4
成都,2018-11-19,12,4
成都,2018-11-20,12,6
成都,2018-11-21,14,8
成都,2018-11-22,14,6
成都,2018-11-23,13,6
成都,2018-11-24,18,6
成都,2018-11-25,18,6
成都,2018-11-26,15,7
成都,2018-11-27,18,8
成都,2018-11-28,15,8
成都,2018-11-29,15,10
成都,2018-11-30,17,7
成都,2018-12-01,15,10
成都,2018-12-02,15,10
成都,2018-12-03,15,7
成都,2018-12-04,13,8
成都,2018-12-05,12,7
成都,2018-12-06,11,7
成都,2018-12-07,7,3
成都,2018-12-08,5,1
成都,2018-12-09,5,2
成都,2018-12-10,6,2
成都,2018-12-11,10,2
成都,2018-12-12,9,3
成都,2018-12-13,8,2
成都,2018-12-14,8,3
成都,2018-12-15,10,4
成都,2018-12-16,14,3
成都,2018-12-17,13,4
成都,2018-12-18,11,7
成都,2018-12-19,11,5
成都,2018-12-20,10,6
成都,2018-12-21,13,7
成都,2018-12-22,13,7
成都,2018-12-23,9,6
成都,2018-12-24,8,4
成都,2018-12-25,10,5
成都,2018-12-26,10,5
成都,2018-12-27,7,5
成都,2018-12-28,5,1
成都,2018-12-29,2,0
成都,2018-12-30,3,-1
成都,2018-12-31,5,0
成都,2019-01-01,5,1
成都,2019-01-02,5,1
成都,2019-01-03,5,0
成都,2019-01-04,9,2
成都,2019-01-05,9,1
成都,2019-01-06,7,3
成都,2019-01-07,11,4
成都,2019-01-08,8,4
成都,2019-01-09,7,3
成都,2019-01-10,8,3
成都,2019-01-11,11,3
成都,2019-01-12,11,1
成都,2019-01-13,11,2
成都,2019-01-14,11,5
成都,2019-01-15,11,5
成都,2019-01-16,10,2
成都,2019-01-17,9,4
成都,2019-01-18,9,4
成都,2019-01-19,12,3
成都,2019-01-20,12,4
成都,2019-01-21,11,4
成都,2019-01-22,12,3
成都,2019-01-23,12,3
成都,2019-01-24,13,5
成都,2019-01-25,14,6
成都,2019-01-26,10,7
成都,2019-01-27,8,7
成都,2019-01-28,10,6
成都,2019-01-29,10,5
成都,2019-01-30,9,3
成都,2019-01-31,9,4
成都,2019-02-01,9,5
成都,2019-02-02,9,3
成都,2019-02-03,14,4
成都,2019-02-04,13,4
成都,2019-02-05,16,6
成都,2019-02-06,14,5
成都,2019-02-07,17,10
成都,2019-02-08,12,8
成都,2019-02-09,8,4
成都,2019-02-10,8,2
成都,2019-02-11,11,1
成都,2019-02-12,11,3
成都,2019-02-13,13,3
成都,2019-02-14,12,5
成都,2019-02-15,12,7
成都,2019-02-16,10,5
成都,2019-02-17,6,4
成都,2019-02-18,8,3
成都,2019-02-19,8,3
成都,2019-02-20,11,3
成都,2019-02-21,13,4
成都,2019-02-22,11,6
成都,2019-02-23,11,7
成都,2019-02-24,9,7
成都,2019-02-25,10,7
成都,2019-02-26,11,7
成都,2019-02-27,12,6
成都,2019-02-28,10,7
成都,2019-03-01,11,8
成都,2019-03-02,15,6
成都,2019-03-03,16,6
成都,2019-03-04,16,5
成都,2019-03-05,17,11
成都,2019-03-06,15,10
成都,2019-03-07,11,8
成都,2019-03-08,10,7
成都,2019-03-09,17,6
成都,2019-03-10,19,9
成都,2019-03-11,19,10
成都,2019-03-12,18,12
成都,2019-03-13,18,12
成都,2019-03-14,17,10
成都,2019-03-15,17,9
成都,2019-03-16,15,10
成都,2019-03-17,17,8
成都,2019-03-18,17,11
成都,2019-03-19,19,12
成都,2019-03-20,24,12
成都,2019-03-21,18,12
成都,2019-03-22,15,10
成都,2019-03-23,16,8
成都,2019-03-24,15,6
成都,2019-03-25,19,7
成都,2019-03-26,19,11
成都,2019-03-27,24,13
成都,2019-03-28,27,14
成都,2019-03-29,25,14
成都,2019-03-30,21,15
成都,2019-03-31,20,12
成都,2019-04-01,17,12
成都,2019-04-02,20,12
成都,2019-04-03,18,12
成都,2019-04-04,21,12
成都,2019-04-05,27,13
成都,2019-04-06,28,14
成都,2019-04-07,29,16
成都,2019-04-08,29,17
成都,2019-04-09,29,19
成都,2019-04-10,22,15
成都,2019-04-11,23,15
成都,2019-04-12,21,15
成都,2019-04-13,22,15
成都,2019-04-14,24,15
成都,2019-04-15,21,14
成都,2019-04-16,27,15
成都,2019-04-17,27,16
成都,2019-04-18,28,17
成都,2019-04-19,26,19
成都,2019-04-20,23,16
成都,2019-04-21,28,17
成都,2019-04-22,28,17
成都,2019-04-23,30,18
成都,2019-04-24,30,20
成都,2019-04-25,33,21
成都,2019-04-26,31,22
成都,2019-04-27,27,20
成都,2019-04-28,23,18
成都,2019-04-29,27,17
成都,2019-04-30,27,17
成都,2019-05-01,25,16
成都,2019-05-02,22,16
成都,2019-05-03,23,16
成都,2019-05-04,24,16
成都,2019-05-05,22,17
成都,2019-05-06,20,15
成都,2019-05-07,15,13
成都,2019-05-08,20,12
成都,2019-05-09,25,15
成都,2019-05-10,26,15
成都,2019-05-11,27,17
成都,2019-05-12,24,15
成都,2019-05-13,25,15
成都,2019-05-14,25,17
成都,2019-05-15,28,18
成都,2019-05-16,29,19
成都,2019-05-17,29,21
成都,2019-05-18,29,20
成都,2019-05-19,24,18
成都,2019-05-20,22,16
成都,2019-05-21,26,14
成都,2019-05-22,30,17
成都,2019-05-23,29,17
成都,2019-05-24,26,19
成都,2019-05-25,28,20
成都,2019-05-26,31,22
成都,2019-05-27,25,18
成都,2019-05-28,20,16
成都,2019-05-29,19,16
成都,2019-05-30,26,16
成都,2019-05-31,28,19
成都,2019-06-01,30,19
成都,2019-06-02,31,18
成都,2019-06-03,32,20
成都,2019-06-04,30,22
成都,2019-06-05,32,20
成都,2019-06-06,30,23
成都,2019-06-07,28,21
成都,2019-06-08,28,21
成都,2019-06-09,28,22
成都,2019-06-10,29,21
成都,2019-06-11,26,21
成都,2019-06-12,30,20
成都,2019-06-13,30,21
成都,2019-06-14,25,22
成都,2019-06-15,23,20
成都,2019-06-16,26,19
成都,2019-06-17,25,21
成都,2019-06-18,26,20
成都,2019-06-19,27,21
成都,2019-06-20,29,22
成都,2019-06-21,30,24
成都,2019-06-22,27,23
成都,2019-06-23,28,22
成都,2019-06-24,27,20
成都,2019-06-25,25,21
成都,2019-06-26,25,22
成都,2019-06-27,28,20
成都,2019-06-28,26,21
成都,2019-06-29,30,20
成都,2019-06-30,30,21
成都,2019-07-01,33,23
成都,2019-07-02,31,22
成都,2019-07-03,25,19
成都,2019-07-04,26,20
成都,2019-07-05,31,20
成都,2019-07-06,31,21
成都,2019-07-07,26,21
成都,2019-07-08,27,19
成都,2019-07-09,29,20
成都,2019-07-10,28,21
成都,2019-07-11,23,20
成都,2019-07-12,29,20
成都,2019-07-13,32,23
成都,2019-07-14,31,23
成都,2019-07-15,25,21
成都,2019-07-16,26,20
成都,2019-07-17,31,21
成都,2019-07-18,31,23
成都,2019-07-19,30,23
成都,2019-07-20,32,24
成都,2019-07-21,32,23
成都,2019-07-22,27,22
成都,2019-07-23,30,23
成都,2019-07-24,30,22
成都,2019-07-25,34,24
成都,2019-07-26,34,23
成都,2019-07-27,32,26
成都,2019-07-28,32,25
成都,2019-07-29,27,23
成都,2019-07-30,27,22
成都,2019-07-31,30,23
成都,2019-08-01,31,22
成都,2019-08-02,30,22
成都,2019-08-03,30,23
成都,2019-08-04,31,23
成都,2019-08-05,27,22
成都,2019-08-06,25,21
成都,2019-08-07,32,22
成都,2019-08-08,32,23
成都,2019-08-09,33,23
成都,2019-08-10,32,23
成都,2019-08-11,33,24
成都,2019-08-12,33,24
成都,2019-08-13,34,25
成都,2019-08-14,34,24
成都,2019-08-15,32,23
成都,2019-08-16,33,23
成都,2019-08-17,34,23
成都,2019-08-18,32,26
成都,2019-08-19,29,23
成都,2019-08-20,30,23
成都,2019-08-21,32,24
成都,2019-08-22,32,22
成都,2019-08-23,33,23
成都,2019-08-24,34,24
成都,2019-08-25,34,24
成都,2019-08-26,33,25
成都,2019-08-27,33,24
成都,2019-08-28,32,23
成都,2019-08-29,31,22
成都,2019-08-30,28,21
成都,2019-08-31,22,19
成都,2019-09-01,26,18
成都,2019-09-02,24,20
成都,2019-09-03,23,19
成都,2019-09-04,24,19
成都,2019-09-05,27,20
成都,2019-09-06,27,21
成都,2019-09-07,25,21
成都,2019-09-08,26,21
成都,2019-09-09,27,21
成都,2019-09-10,25,21
成都,2019-09-11,28,22
成都,2019-09-12,29,23
成都,2019-09-13,24,17
成都,2019-09-14,22,17
成都,2019-09-15,21,17
成都,2019-09-16,24,18
成都,2019-09-17,22,18
成都,2019-09-18,25,18
成都,2019-09-19,21,18
成都,2019-09-20,25,18
成都,2019-09-21,27,18
成都,2019-09-22,27,18
成都,2019-09-23,23,18
成都,2019-09-24,21,16
成都,2019-09-25,25,16
成都,2019-09-26,22,16
成都,2019-09-27,24,18
成都,2019-09-28,26,18
成都,2019-09-29,27,19
成都,2019-09-30,26,20
成都,2019-10-01,24,19
成都,2019-10-02,24,19
成都,2019-10-03,23,19
成都,2019-10-04,25,19
成都,2019-10-05,26,19
成都,2019-10-06,22,18
成都,2019-10-07,22,17
成都,2019-10-08,21,15
成都,2019-10-09,20,16
成都,2019-10-10,22,17
成都,2019-10-11,24,16
成都,2019-10-12,24,17
成都,2019-10-13,22,17
成都,2019-10-14,20,15
成都,2019-10-15,19,15
成都,2019-10-16,20,15
成都,2019-10-17,21,15
成都,2019-10-18,22,15
成都,2019-10-19,20,15
成都,2019-10-20,20,15
成都,2019-10-21,17,15
成都,2019-10-22,20,15
成都,2019-10-23,21,16
成都,2019-10-24,17,12
成都,2019-10-25,15,12
成都,2019-10-26,15,11
成都,2019-10-27,17,11
成都,2019-10-28,23,12
成都,2019-10-29,21,13
成都,2019-10-30,21,15
成都,2019-10-31,18,15
成都,2019-11-01,18,14
成都,2019-11-02,21,13
成都,2019-11-03,21,15
成都,2019-11-04,16,14
成都,2019-11-05,15,13
成都,2019-11-06,17,12
成都,2019-11-07,19,13
成都,2019-11-08,18,13
成都,2019-11-09,16,12
成都,2019-11-10,20,13
成都,2019-11-11,19,14
成都,2019-11-12,17,13
成都,2019-11-13,19,11
成都,2019-11-14,17,8
成都,2019-11-15,17,10
成都,2019-11-16,17,12
成都,2019-11-17,19,11
成都,2019-11-18,11,8
成都,2019-11-19,11,7
成都,2019-11-20,11,7
成都,2019-11-21,13,7
成都,2019-11-22,14,9
成都,2019-11-23,15,10
成都,2019-11-24,12,8
成都,2019-11-25,11,6
成都,2019-11-26,10,5
成都,2019-11-27,12,6
成都,2019-11-28,10,7
成都,2019-11-29,9,7
成都,2019-11-30,9,6
成都,2019-12-01,12,5
成都,2019-12-02,12,5
成都,2019-12-03,12,6
成都,2019-12-04,12,7
成都,2019-12-05,13,7
成都,2019-12-06,12,7
成都,2019-12-07,12,5
成都,2019-12-08,13,6
成都,2019-12-09,15,7
成都,2019-12-10,15,6
成都,2019-12-11,13,9
成都,2019-12-12,13,9
成都,2019-12-13,12,8
成都,2019-12-14,13,8
成都,2019-12-15,13,9
成都,2019-12-16,14,9
成都,2019-12-17,12,9
成都,2019-12-18,11,6
成都,2019-12-19,10,5
成都,2019-12-20,8,6
成都,2019-12-21,9,5
成都,2019-12-22,9,5
成都,2019-12-23,11,7
成都,2019-12-24,10,6
成都,2019-12-25,11,7
成都,2019-12-26,9,5
成都,2019-12-27,11,3
成都,2019-12-28,11,4
成都,2019-12-29,10,3
成都,2019-12-30,12,5
成都,2019-12-31,11,6
成都,2020-01-01,11,6
成都,2020-01-02,12,6
成都,2020-01-03,13,5
成都,2020-01-04,11,7
成都,2020-01-05,11,7
成都,2020-01-06,10,6
成都,2020-01-07,12,4
成都,2020-01-08,11,5
成都,2020-01-09,9,6
成都,2020-01-10,9,3
成都,2020-01-11,12,3
成都,2020-01-12,11,5
成都,2020-01-13,10,6
成都,2020-01-14,8,6
成都,2020-01-15,9,5
成都,2020-01-16,10,6
成都,2020-01-17,9,5
成都,2020-01-18,8,5
成都,2020-01-19,11,4
成都,2020-01-20,10,5
成都,2020-01-21,11,5
成都,2020-01-22,11,6
成都,2020-01-23,12,7
成都,2020-01-24,10,6
成都,2020-01-25,11,5
成都,2020-01-26,8,4
成都,2020-01-27,7,4
成都,2020-01-28,8,4
成都,2020-01-29,11,5
成都,2020-01-30,10,6
成都,2020-01-31,9,6
成都,2020-02-01,10,5
成都,2020-02-02,11,6
成都,2020-02-03,12,5
成都,2020-02-04,11,6
成都,2020-02-05,10,6
成都,2020-02-06,12,6
成都,2020-02-07,11,7
成都,2020-02-08,12,6
成都,2020-02-09,14,6
成都,2020-02-10,14,7
成都,2020-02-11,15,8
成都,2020-02-12,16,9
成都,2020-02-13,17,10
成都,2020-02-14,15,10
成都,2020-02-15,11,3
成都,2020-02-16,13,1
成都,2020-02-17,12,4
成都,2020-02-18,11,4
成都,2020-02-19,13,6
成都,2020-02-20,13,6
成都,2020-02-21,16,7
成都,2020-02-22,15,9
成都,2020-02-23,15,9
成都,2020-02-24,17,9
成都,2020-02-25,19,11
成都,2020-02-26,20,13
成都,2020-02-27,17,13
成都,2020-02-28,20,11
成都,2020-02-29,20,10
成都,2020-03-01,18,13
成都,2020-03-02,12,10
成都,2020-03-03,16,9
成都,2020-03-04,17,9
成都,2020-03-05,15,10
成都,2020-03-06,16,9
成都,2020-03-07,19,12
成都,2020-03-08,19,12
成都,2020-03-09,18,11
成都,2020-03-10,18,8
成都,2020-03-11,16,10
成都,2020-03-12,18,10
成都,2020-03-13,19,12
成都,2020-03-14,19,11
成都,2020-03-15,17,11
成都,2020-03-16,14,11
成都,2020-03-17,22,11
成都,2020-03-18,22,11
成都,2020-03-19,26,12
成都,2020-03-20,25,13
成都,2020-03-21,26,14
成都,2020-03-22,26,14
成都,2020-03-23,26,14
成都,2020-03-24,23,15
成都,2020-03-25,25,16
成都,2020-03-26,21,16
成都,2020-03-27,17,13
成都,2020-03-28,14,9
成都,2020-03-29,15,8
成都,2020-03-30,15,9
成都,2020-03-31,21,10
成都,2020-04-01,19,11
成都,2020-04-02,15,6
成都,2020-04-03,13,10
成都,2020-04-04,14,9
成都,2020-04-05,16,10
成都,2020-04-06,17,10
成都,2020-04-07,20,12
成都,2020-04-08,24,12
成都,2020-04-09,24,13
成都,2020-04-10,23,13
成都,2020-04-11,22,13
成都,2020-04-12,22,11
成都,2020-04-13,17,12
成都,2020-04-14,22,11
成都,2020-04-15,24,13
成都,2020-04-16,27,16
成都,2020-04-17,25,17
成都,2020-04-18,24,16
成都,2020-04-19,21,15
成都,2020-04-20,22,14
成都,2020-04-21,17,12
成都,2020-04-22,16,10
成都,2020-04-23,16,9
成都,2020-04-24,23,11
成都,2020-04-25,23,11
成都,2020-04-26,28,13
成都,2020-04-27,31,15
成都,2020-04-28,30,16
成都,2020-04-29,28,18
成都,2020-04-30,30,17
成都,2020-05-01,31,17
成都,2020-05-02,34,19
成都,2020-05-03,36,22
成都,2020-05-04,31,21
成都,2020-05-05,31,21
成都,2020-05-06,30,21
成都,2020-05-07,27,21
成都,2020-05-08,27,18
成都,2020-05-09,24,16
成都,2020-05-10,28,14
成都,2020-05-11,28,16
成都,2020-05-12,26,15
成都,2020-05-13,25,15
成都,2020-05-14,28,17
成都,2020-05-15,30,17
成都,2020-05-16,30,19
成都,2020-05-17,35,21
成都,2020-05-18,34,20
成都,2020-05-19,32,20
成都,2020-05-20,28,20
成都,2020-05-21,26,19
成都,2020-05-22,32,21
成都,2020-05-23,31,20
成都,2020-05-24,27,18
成都,2020-05-25,25,16
成都,2020-05-26,26,17
成都,2020-05-27,23,16
成都,2020-05-28,25,16
成都,2020-05-29,30,16
成都,2020-05-30,30,18
成都,2020-05-31,30,20
成都,2020-06-01,28,21
成都,2020-06-02,25,20
成都,2020-06-03,30,19
成都,2020-06-04,29,19
成都,2020-06-05,33,19
成都,2020-06-06,32,21
成都,2020-06-07,28,21
成都,2020-06-08,25,21
成都,2020-06-09,31,20
成都,2020-06-10,29,19
成都,2020-06-11,29,22
成都,2020-06-12,30,22
成都,2020-06-13,31,23
成都,2020-06-14,33,23
成都,2020-06-15,31,23
成都,2020-06-16,30,23
成都,2020-06-17,26,20
成都,2020-06-18,31,22
成都,2020-06-19,30,21
成都,2020-06-20,28,22
成都,2020-06-21,28,21
成都,2020-06-22,28,22
成都,2020-06-23,31,23
成都,2020-06-24,33,22
成都,2020-06-25,35,23
成都,2020-06-26,31,21
成都,2020-06-27,28,20
成都,2020-06-28,31,23
成都,2020-06-29,32,24
成都,2020-06-30,33,26
成都,2020-07-01,28,23
成都,2020-07-02,34,21
成都,2020-07-03,33,24
成都,2020-07-04,27,23
成都,2020-07-05,29,23
成都,2020-07-06,30,23
成都,2020-07-07,32,23
成都,2020-07-08,32,25
成都,2020-07-09,32,25
成都,2020-07-10,26,23
成都,2020-07-11,28,22
成都,2020-07-12,31,22
成都,2020-07-13,30,24
成都,2020-07-14,31,24
成都,2020-07-15,28,24
成都,2020-07-16,27,22
成都,2020-07-17,34,24
成都,2020-07-18,31,23
成都,2020-07-19,33,22
成都,2020-07-20,29,23
成都,2020-07-21,25,20
成都,2020-07-22,29,22
成都,2020-07-23,31,23
成都,2020-07-24,30,23
成都,2020-07-25,27,22
成都,2020-07-26,34,21
成都,2020-07-27,33,23
成都,2020-07-28,34,23
成都,2020-07-29,28,21
成都,2020-07-30,25,21
成都,2020-07-31,27,21
成都,2020-08-01,29,23
成都,2020-08-02,29,23
成都,2020-08-03,32,23
成都,2020-08-04,33,23
成都,2020-08-05,33,26
成都,2020-08-06,34,26
成都,2020-08-07,28,25
成都,2020-08-08,34,24
成都,2020-08-09,35,24
成都,2020-08-10,34,25
成都,2020-08-11,27,24
成都,2020-08-12,26,21
成都,2020-08-13,25,20
成都,2020-08-14,31,22
成都,2020-08-15,26,22
成都,2020-08-16,25,22
成都,2020-08-17,26,21
成都,2020-08-18,23,19
成都,2020-08-19,26,19
成都,2020-08-20,28,20
成都,2020-08-21,30,21
成都,2020-08-22,27,23
成都,2020-08-23,28,23
成都,2020-08-24,30,19
成都,2020-08-25,31,21
成都,2020-08-26,33,22
成都,2020-08-27,32,22
成都,2020-08-28,32,23
成都,2020-08-29,29,23
成都,2020-08-30,25,21
成都,2020-08-31,25,21
成都,2020-09-01,28,21
成都,2020-09-02,32,22
成都,2020-09-03,30,21
成都,2020-09-04,28,22
成都,2020-09-05,24,20
成都,2020-09-06,30,20
成都,2020-09-07,32,21
成都,2020-09-08,29,22
成都,2020-09-09,25,21
成都,2020-09-10,28,21
成都,2020-09-11,26,18
成都,2020-09-12,22,17
成都,2020-09-13,24,17
成都,2020-09-14,26,18
成都,2020-09-15,25,19
成都,2020-09-16,22,19
成都,2020-09-17,27,15
成都,2020-09-18,24,17
成都,2020-09-19,25,18
成都,2020-09-20,19,17
成都,2020-09-21,21,17
成都,2020-09-22,26,18
成都,2020-09-23,27,17
成都,2020-09-24,23,17
成都,2020-09-25,20,16
成都,2020-09-26,19,16
成都,2020-09-27,21,16
成都,2020-09-28,20,17
成都,2020-09-29,28,18
成都,2020-09-30,27,18
成都,2020-10-01,23,17
成都,2020-10-02,22,17
成都,2020-10-03,22,16
成都,2020-10-04,20,13
成都,2020-10-05,17,12
成都,2020-10-06,17,13
成都,2020-10-07,21,14
成都,2020-10-08,19,14
成都,2020-10-09,20,14
成都,2020-10-10,21,15
成都,2020-10-11,20,15
成都,2020-10-12,18,14
成都,2020-10-13,18,14
成都,2020-10-14,18,13
成都,2020-10-15,18,12
成都,2020-10-16,22,12
成都,2020-10-17,20,11
成都,2020-10-18,18,12
成都,2020-10-19,20,12
成都,2020-10-20,16,12
成都,2020-10-21,23,12
成都,2020-10-22,22,11
成都,2020-10-23,21,14
成都,2020-10-24,19,15
成都,2020-10-25,20,16
成都,2020-10-26,20,16
成都,2020-10-27,16,13
成都,2020-10-28,17,12
成都,2020-10-29,20,12
成都,2020-10-30,18,14
成都,2020-10-31,19,14
成都,2020-11-01,19,12
成都,2020-11-02,21,13
成都,2020-11-03,17,12
成都,2020-11-04,15,11
成都,2020-11-05,15,13
成都,2020-11-06,21,13
成都,2020-11-07,23,12
成都,2020-11-08,23,14
成都,2020-11-09,23,13
成都,2020-11-10,21,15
成都,2020-11-11,22,15
成都,2020-11-12,22,15
成都,2020-11-13,19,15
成都,2020-11-14,22,15
成都,2020-11-15,22,15
成都,2020-11-16,20,15
成都,2020-11-17,21,13
成都,2020-11-18,21,12
成都,2020-11-19,23,13
成都,2020-11-20,20,12
成都,2020-11-21,13,7
成都,2020-11-22,9,4
成都,2020-11-23,10,4
成都,2020-11-24,10,5
成都,2020-11-25,12,7
成都,2020-11-26,14,8
成都,2020-11-27,11,7
成都,2020-11-28,12,4
成都,2020-11-29,10,7
成都,2020-11-30,9,7
成都,2020-12-01,10,6
成都,2020-12-02,10,5
成都,2020-12-03,8,3
成都,2020-12-04,7,3
成都,2020-12-05,8,4
成都,2020-12-06,9,6
成都,2020-12-07,9,5
成都,2020-12-08,12,5
成都,2020-12-09,9,6
成都,2020-12-10,11,6
成都,2020-12-11,12,6
成都,2020-12-12,11,7
成都,2020-12-13,9,3
成都,2020-12-14,6,1
成都,2020-12-15,5,3
成都,2020-12-16,6,2
成都,2020-12-17,5,3
成都,2020-12-18,9,3
成都,2020-12-19,9,1
成都,2020-12-20,10,1
成都,2020-12-21,9,4
成都,2020-12-22,8,3
成都,2020-12-23,12,2
成都,2020-12-24,12,4
成都,2020-12-25,12,5
成都,2020-12-26,12,3
成都,2020-12-27,12,5
成都,2020-12-28,9,4
成都,2020-12-29,9,1
成都,2020-12-30,6,1
成都,2020-12-31,7,0
成都,2021-01-01,9,2
成都,2021-01-02,7,3
成都,2021-01-03,11,3
成都,2021-01-04,5,4
成都,2021-01-05,10,3
成都,2021-01-06,7,0
成都,2021-01-07,4,0
成都,2021-01-08,4,0
成都,2021-01-09,4,1
成都,2021-01-10,5,0
成都,2021-01-11,8,-2
成都,2021-01-12,10,-1
成都,2021-01-13,11,0
成都,2021-01-14,12,2
成都,2021-01-15,14,3
成都,2021-01-16,9,4
成都,2021-01-17,11,0
成都,2021-01-18,11,1
成都,2021-01-19,10,3
成都,2021-01-20,10,6
成都,2021-01-21,15,4
成都,2021-01-22,17,5
成都,2021-01-23,14,8
成都,2021-01-24,11,7
成都,2021-01-25,10,5
成都,2021-01-26,14,6
成都,2021-01-27,13,5
成都,2021-01-28,14,6
成都,2021-01-29,10,7
成都,2021-01-30,13,7
成都,2021-01-31,15,5
成都,2021-02-01,17,6
成都,2021-02-02,8,-1
成都,2021-02-03,15,9
成都,2021-02-04,12,8
成都,2021-02-05,18,6
成都,2021-02-06,17,6
成都,2021-02-07,20,6
成都,2021-02-08,18,8
成都,2021-02-09,18,9
成都,2021-02-10,19,9
成都,2021-02-11,19,8
成都,2021-02-12,20,9
成都,2021-02-13,19,8
成都,2021-02-14,20,9
成都,2021-02-15,16,9
成都,2021-02-16,21,9
成都,2021-02-17,19,9
成都,2021-02-18,18,10
成都,2021-02-19,21,9
成都,2021-02-20,22,10
成都,2021-02-21,24,11
成都,2021-02-22,16,5
成都,2021-02-23,25,15
成都,2021-02-24,22,12
成都,2021-02-25,15,9
成都,2021-02-26,13,8
成都,2021-02-27,12,7
成都,2021-02-28,11,8
成都,2021-03-01,16,8
成都,2021-03-02,16,8
成都,2021-03-03,17,7
成都,2021-03-04,15,9
成都,2021-03-05,18,11
成都,2021-03-06,19,9
成都,2021-03-07,15,9
成都,2021-03-08,14,11
成都,2021-03-09,15,10
成都,2021-03-10,16,11
成都,2021-03-11,19,12
成都,2021-03-12,19,13
成都,2021-03-13,23,14
成都,2021-03-14,20,13
成都,2021-03-15,26,15
成都,2021-03-16,26,17
成都,2021-03-17,22,14
成都,2021-03-18,24,13
成都,2021-03-19,17,9
成都,2021-03-20,13,6
成都,2021-03-21,14,6
成都,2021-03-22,16,6
成都,2021-03-23,20,9
成都,2021-03-24,18,13
成都,2021-03-25,17,12
成都,2021-03-26,21,12
成都,2021-03-27,27,12
成都,2021-03-28,27,15
成都,2021-03-29,29,17
成都,2021-03-30,30,17
成都,2021-03-31,22,13
成都,2021-04-01,18,11
成都,2021-04-02,19,11
成都,2021-04-03,21,10
成都,2021-04-04,18,10
成都,2021-04-05,18,12
成都,2021-04-06,17,13
成都,2021-04-07,23,13
成都,2021-04-08,21,13
成都,2021-04-09,17,12
成都,2021-04-10,15,12
成都,2021-04-11,18,12
成都,2021-04-12,20,14
成都,2021-04-13,20,12
成都,2021-04-14,18,11
成都,2021-04-15,23,9
成都,2021-04-16,24,14
成都,2021-04-17,18,15
成都,2021-04-18,16,13
成都,2021-04-19,18,15
成都,2021-04-20,23,15
成都,2021-04-21,25,16
成都,2021-04-22,25,17
成都,2021-04-23,28,17
成都,2021-04-24,23,15
成都,2021-04-25,23,14
成都,2021-04-26,26,15
成都,2021-04-27,27,14
成都,2021-04-28,24,12
成都,2021-04-29,23,16
成都,2021-04-30,31,17
成都,2021-05-01,34,20
成都,2021-05-02,32,18
成都,2021-05-03,28,15
成都,2021-05-04,21,14
成都,2021-05-05,22,15
成都,2021-05-06,22,16
成都,2021-05-07,27,17
成都,2021-05-08,30,18
成都,2021-05-09,31,21
成都,2021-05-10,26,20
成都,2021-05-11,30,20
成都,2021-05-12,26,19
成都,2021-05-13,26,20
成都,2021-05-14,26,18
成都,2021-05-15,25,17
成都,2021-05-16,27,16
成都,2021-05-17,26,16
成都,2021-05-18,25,17
成都,2021-05-19,25,17
成都,2021-05-20,25,16
成都,2021-05-21,24,18
成都,2021-05-22,23,17
成都,2021-05-23,21,16
成都,2021-05-24,28,17
成都,2021-05-25,19,16
成都,2021-05-26,22,17
成都,2021-05-27,27,19
成都,2021-05-28,30,19
成都,2021-05-29,25,19
成都,2021-05-30,31,21
成都,2021-05-31,32,22
成都,2021-06-01,29,20
成都,2021-06-02,28,19
成都,2021-06-03,24,16
成都,2021-06-04,32,18
成都,2021-06-05,33,18
成都,2021-06-06,30,21
成都,2021-06-07,26,20
成都,2021-06-08,24,19
成都,2021-06-09,23,19
成都,2021-06-10,29,19
成都,2021-06-11,29,20
成都,2021-06-12,27,23
成都,2021-06-13,27,23
成都,2021-06-14,29,22
成都,2021-06-15,29,23
成都,2021-06-16,27,20
成都,2021-06-17,27,18
成都,2021-06-18,23,20
成都,2021-06-19,29,21
成都,2021-06-20,31,21
成都,2021-06-21,30,22
成都,2021-06-22,35,23
成都,2021-06-23,29,23
成都,2021-06-24,23,20
成都,2021-06-25,26,21
成都,2021-06-26,28,23
成都,2021-06-27,33,24
成都,2021-06-28,32,24
成都,2021-06-29,35,23
成都,2021-06-30,33,23
成都,2021-07-01,32,23
成都,2021-07-02,27,20
成都,2021-07-03,34,22
成都,2021-07-04,33,23
成都,2021-07-05,27,24
成都,2021-07-06,31,24
成都,2021-07-07,33,24
成都,2021-07-08,31,23
成都,2021-07-09,29,23
成都,2021-07-10,28,22
成都,2021-07-11,32,23
成都,2021-07-12,33,24
成都,2021-07-13,34,25
成都,2021-07-14,34,23
成都,2021-07-15,25,23
成都,2021-07-16,26,23
成都,2021-07-17,34,23
成都,2021-07-18,33,23
成都,2021-07-19,32,23
成都,2021-07-20,30,23
成都,2021-07-21,34,24
成都,2021-07-22,32,24
成都,2021-07-23,33,23
成都,2021-07-24,28,23
成都,2021-07-25,32,23
成都,2021-07-26,30,25
成都,2021-07-27,34,21
成都,2021-07-28,36,24
成都,2021-07-29,37,25
成都,2021-07-30,37,24
成都,2021-07-31,35,24
成都,2021-08-01,34,24
成都,2021-08-02,40,25
成都,2021-08-03,37,24
成都,2021-08-04,33,25
成都,2021-08-05,25,22
成都,2021-08-06,33,24
成都,2021-08-07,29,24
成都,2021-08-08,29,22
成都,2021-08-09,35,26
成都,2021-08-10,35,24
成都,2021-08-11,31,22
成都,2021-08-12,25,21
成都,2021-08-13,30,22
成都,2021-08-14,30,22
成都,2021-08-15,30,22
成都,2021-08-16,24,21
成都,2021-08-17,25,22
成都,2021-08-18,27,23
成都,2021-08-19,32,24
成都,2021-08-20,32,24
成都,2021-08-21,33,22
成都,2021-08-22,26,21
成都,2021-08-23,34,20
成都,2021-08-24,32,21
成都,2021-08-25,23,18
成都,2021-08-26,22,18
成都,2021-08-27,27,19
成都,2021-08-28,22,20
成都,2021-08-29,27,20
成都,2021-08-30,27,21
成都,2021-08-31,27,22
成都,2021-09-01,30,22
成都,2021-09-02,29,23
成都,2021-09-03,28,21
成都,2021-09-04,27,21
成都,2021-09-05,29,20
成都,2021-09-06,29,20
成都,2021-09-07,28,19
成都,2021-09-08,27,19
成都,2021-09-09,29,20
成都,2021-09-10,30,22
成都,2021-09-11,29,23
成都,2021-09-12,31,22
成都,2021-09-13,26,21
成都,2021-09-14,23,21
成都,2021-09-15,23,20
成都,2021-09-16,32,21
成都,2021-09-17,25,20
成都,2021-09-18,20,18
成都,2021-09-19,31,17
成都,2021-09-20,31,19
成都,2021-09-21,31,22
成都,2021-09-22,31,22
成都,2021-09-23,26,22
成都,2021-09-24,28,22
成都,2021-09-25,27,21
成都,2021-09-26,25,18
成都,2021-09-27,26,19
成都,2021-09-28,30,18
成都,2021-09-29,31,21
成都,2021-09-30,32,22
成都,2021-10-01,27,21
成都,2021-10-02,30,23
成都,2021-10-03,31,20
成都,2021-10-04,23,17
成都,2021-10-05,20,18
成都,2021-10-06,18,16
成都,2021-10-07,22,16
成都,2021-10-08,21,17
成都,2021-10-09,20,15
成都,2021-10-10,16,13
成都,2021-10-11,20,14
成都,2021-10-12,17,15
成都,2021-10-13,20,14
成都,2021-10-14,22,13
成都,2021-10-15,17,13
成都,2021-10-16,19,12
成都,2021-10-17,16,12
成都,2021-10-18,18,13
成都,2021-10-19,16,13
成都,2021-10-20,17,12
成都,2021-10-21,16,12
成都,2021-10-22,16,12
成都,2021-10-23,17,13
成都,2021-10-24,18,14
成都,2021-10-25,16,13
成都,2021-10-26,19,14
成都,2021-10-27,20,7
成都,2021-10-28,16,13
成都,2021-10-29,22,13
成都,2021-10-30,20,14
成都,2021-10-31,19,13
成都,2021-11-01,17,12
成都,2021-11-02,15,13
成都,2021-11-03,16,12
成都,2021-11-04,18,13
成都,2021-11-05,20,13
成都,2021-11-06,17,7
成都,2021-11-07,7,4
成都,2021-11-08,12,6
成都,2021-11-09,15,6
成都,2021-11-10,15,8
成都,2021-11-11,14,6
成都,2021-11-12,16,4
成都,2021-11-13,13,8
成都,2021-11-14,14,8
成都,2021-11-15,13,9
成都,2021-11-16,13,8
成都,2021-11-17,16,6
成都,2021-11-18,15,9
成都,2021-11-19,16,12
成都,2021-11-20,15,11
成都,2021-11-21,13,0
成都,2021-11-22,12,7
成都,2021-11-23,15,6
成都,2021-11-24,15,7
成都,2021-11-25,15,10
成都,2021-11-26,13,10
成都,2021-11-27,12,9
成都,2021-11-28,14,2
成都,2021-11-29,12,6
成都,2021-11-30,14,7
成都,2021-12-01,17,5
成都,2021-12-02,17,5
成都,2021-12-03,16,9
成都,2021-12-04,16,5
成都,2021-12-05,18,7
成都,2021-12-06,13,10
成都,2021-12-07,11,7
成都,2021-12-08,12,5
成都,2021-12-09,13,10
成都,2021-12-10,10,8
成都,2021-12-11,12,8
成都,2021-12-12,15,7
成都,2021-12-13,13,6
成都,2021-12-14,11,9
成都,2021-12-15,11,6
成都,2021-12-16,13,7
成都,2021-12-17,9,5
成都,2021-12-18,11,4
成都,2021-12-19,11,5
成都,2021-12-20,14,4
成都,2021-12-21,12,6
成都,2021-12-22,12,7
成都,2021-12-23,11,6
成都,2021-12-24,15,5
成都,2021-12-25,9,2
成都,2021-12-26,4,1
成都,2021-12-27,4,1
成都,2021-12-28,4,0
成都,2021-12-29,10,0
成都,2021-12-30,8,3
成都,2021-12-31,9,3
成都,2022-01-01,13,2
成都,2022-01-02,11,5
成都,2022-01-03,9,7
成都,2022-01-04,13,3
成都,2022-01-05,12,6
成都,2022-01-06,12,7
成都,2022-01-07,10,7
成都,2022-01-08,10,6
成都,2022-01-09,9,7
成都,2022-01-10,11,4
成都,2022-01-11,14,5
成都,2022-01-12,10,6
成都,2022-01-13,11,4
成都,2022-01-14,9,5
成都,2022-01-15,11,6
成都,2022-01-16,12,7
成都,2022-01-17,15,7
成都,2022-01-18,12,4
成都,2022-01-19,12,5
成都,2022-01-20,11,7
成都,2022-01-21,11,7
成都,2022-01-22,10,7
成都,2022-01-23,10,6
成都,2022-01-24,10,5
成都,2022-01-25,9,6
成都,2022-01-26,8,4
成都,2022-01-27,5,3
成都,2022-01-28,10,3
成都,2022-01-29,11,2
成都,2022-01-30,8,5
成都,2022-01-31,7,3
成都,2022-02-01,7,4
成都,2022-02-02,9,3
成都,2022-02-03,8,4
成都,2022-02-04,8,5
成都,2022-02-05,6,3
成都,2022-02-06,6,2
成都,2022-02-07,5,3
成都,2022-02-08,8,2
成都,2022-02-09,8,2
成都,2022-02-10,7,4
成都,2022-02-11,13,4
成都,2022-02-12,11,4
成都,2022-02-13,15,8
成都,2022-02-14,14,6
成都,2022-02-15,17,9
成都,2022-02-16,14,7
成都,2022-02-17,8,5
成都,2022-02-18,8,3
成都,2022-02-19,9,4
成都,2022-02-20,5,3
成都,2022-02-21,7,4
成都,2022-02-22,7,4
成都,2022-02-23,11,5
成都,2022-02-24,12,6
成都,2022-02-25,13,6
成都,2022-02-26,17,6
成都,2022-02-27,17,9
成都,2022-02-28,19,7
